pa1_avg,pa1_min,pa1_max,pa2_avg,pa2_min,pa2_max,p3_avg,p3_min,p3_max,r3_avg,r3_min,r3_max,m3_avg,m3_min,m3_max,i3_avg,i3_min,i3_max,displacement_avg,displacement_min,displacement_max,label
2.760477544073617,2.5,3.17171723358895,2.5028913791519325,2.5,2.648727709079099,2.5,2.5,2.5,13.14488457461933,2.5,70.68771510816161,47.62026493748103,2.5,124.9331276133632,10.575523574782336,2.5,18.464818237472784,-0.17716307714107934,-0.22182928331074753,-0.1430070993919243,xsoft
2.883022674080807,2.5,3.8636522036016987,2.5019833954808,2.5,2.5505074241530163,2.8803237093052325,2.5,5.6281963979533245,41.485197898760404,2.5,126.23617163421095,35.44247369732217,2.5,109.59412858902895,11.353965984011717,2.5,22.359119188941065,-0.19736701456195094,-0.28501024227801885,-0.15078449562807386,xsoft
3.3055025752722575,2.5,4.54398283292284,2.5022731555870443,2.5,2.5294602202402845,3.5220585396568764,2.5,8.714016216052439,39.78689548317737,2.5,118.35767406145531,45.11632479686484,2.5,109.78312194666366,15.499580778037894,2.5,27.716643204815853,-0.17347445707964548,-0.25185706331000657,-0.14450999251651786,xsoft
3.4270735095541087,2.5,4.26075276231139,2.516713093513413,2.5,2.6947197472587723,2.5,2.5,2.5,39.62448514869713,2.5,98.25277297811589,41.956303625578826,2.5,114.79405706516108,13.820223368594542,2.5,27.685738055624768,-0.1686705883737167,-0.2514756958167297,0.0,xsoft
3.2232496170985536,2.5,5.461073413571892,2.53760381485145,2.5,2.7966071852065104,2.5,2.5,2.5,54.978332838524,2.5,123.49773554765814,62.442266959292674,2.5,154.23338132883518,6.080436192631611,2.5,11.630356001809416,-0.18596654216090985,-0.24480568236919614,-0.14270010076610867,xsoft
2.955841741366413,2.5,3.421831618343272,2.6259534943767533,2.5,3.435755679401949,3.9903520134198796,2.5,9.394185213757595,38.46875474087841,2.5,91.73176759527803,48.99319184444683,2.5,134.77214164139312,8.633067848002486,2.5,15.300290254564388,-0.17634263397510921,-0.24623663686507902,-0.13721501600974653,xsoft
3.1123136700902916,2.66407338644146,4.419386979737739,2.5121273932974897,2.5,2.6947197472587723,2.5,2.5,2.5,49.131489653853954,2.5,122.85122708929379,67.48750735957786,3.239696896658904,151.7613148100959,7.104207094316455,2.5,12.938149288229894,-0.19662509373739256,-0.26577509444125186,-0.16637432260712043,xsoft
2.7796957578956167,2.5,3.5901012746892214,2.500353912564725,2.5,2.516987803106814,2.514881250969007,2.5,2.705829812048203,31.84595602957631,2.5,96.35398355330953,53.412877371102546,2.5,122.493790569444,9.258917787114816,2.5,17.582965331217235,-0.18847288605717236,-0.25885363184659294,-0.15246403797493552,xsoft
4.145685977399329,2.5,12.900594234430235,2.7939277706643004,2.5,3.9829309666011126,5.216158533034116,2.5,27.557142382954087,82.03168562759899,2.5,152.58288450769436,77.8014448397468,2.5,158.88604015612935,12.178757798925815,2.5,25.336158725902788,-0.14215073675666792,-0.14871961433062272,-0.13617334053392033,xsoft
2.6633425948324976,2.5,3.152382391863199,2.5132038816810334,2.5,2.699396903683824,2.5,2.5,2.5,72.06604417088032,2.5,158.81496124867377,58.414966135314934,2.5,152.16507678443656,16.08958550265158,2.5,32.29432892723142,-0.18296803344380247,-0.23062985258312485,-0.14713284144406943,xsoft
2.8810217593807965,2.5,4.059965617194344,2.872428115165839,2.5,3.9400714860776285,2.5,2.5,2.5,74.0904470422088,2.5,187.7005486228555,52.085538211096654,2.5,93.26260974355586,15.00894176389118,2.5,26.729426537999263,-0.18396299486412213,-0.23656162818994303,-0.1538738200782736,xsoft
4.10330356671552,2.5,13.676271768645961,2.6406149763152507,2.5,3.57687776876111,9.3234189888951,2.5,61.02712109321192,79.95490245653417,2.5,149.16666666666666,44.56844887171051,2.5,93.44952630045526,13.765692210837235,2.5,28.469843188993337,-0.17852640957286872,-0.23199298223707362,-0.14926175559926275,xsoft
2.742103541742574,2.5,3.2702520290698636,2.5624619669979007,2.5,3.0894932329563938,5.929968398916322,2.5,17.539849717952077,75.37795359815104,2.5,153.0548918328124,46.50028447943905,2.5,101.35655994039074,6.682192903470475,2.5,16.090474826732578,-0.11273506751597073,-0.23868142732904238,0.0,xsoft
3.714267806253658,2.5,12.01333715985703,2.530033862198085,2.5,2.760525276072602,3.4247594909949304,2.5,7.129639843137251,49.109134942362545,2.5,99.0300686237433,51.61167419833265,3.8503691956091957,97.01457568009808,18.230811550141915,3.8501267947510684,27.7584635638639,-0.13227380640879155,-0.20144001412879373,0.0,xsoft
4.517542639476581,2.559620448952811,12.08637778559551,2.526845668700299,2.5,2.903791871761108,2.5,2.5,2.5,23.85969658533062,2.5,87.56559293861962,75.87284389593485,2.5,155.8153828100471,10.554720822711463,2.5,19.328891984305816,-0.17345367759911112,-0.26995710929003935,0.0,xsoft
2.753904380800963,2.5,4.84084169218854,2.720923078961999,2.5,3.472381247688797,11.826277239845751,2.5,55.56249603062216,29.48313036974283,2.5,91.03524087589825,66.7079596866065,2.5,146.2964591440951,23.279137931537623,2.5,41.89599070718316,-0.16957929982325462,-0.22694319421815784,0.0,xsoft
2.628505270731712,2.5,3.079905637092813,3.5965919121511525,2.5,5.231224447623264,19.45499627816275,2.7209713678371603,57.69079614931482,64.99871699061401,2.5,127.8629700855958,51.89977052266992,2.5,135.32776240726352,18.711382272656934,2.5,33.76739334287893,-0.14313425440623195,-0.24340631112718364,0.0,xsoft
2.5957398559042044,2.5,3.1280875144519507,3.2777508810550073,2.5,5.003420641424495,3.3660278769117316,2.5,5.386489907744763,94.02032360080291,2.5,160.19992819506217,73.840582822608,2.5,145.51928737640205,18.177431100839478,2.5,31.285667401297946,-0.16318326678933437,-0.23698815568694925,0.0,xsoft
2.6763749330895115,2.5,3.401598248158825,3.384528954527805,2.5,4.9602381552883825,6.172064856049737,2.5,19.154487013157485,72.55893873052865,2.5,123.72206910941775,71.62081628091919,2.5,129.38277092856285,29.492927324187978,2.5,72.69513226267644,-0.17165250343366759,-0.24251292575272262,0.0,xsoft
2.64346469035051,2.5,3.060855478176016,2.865788136212501,2.5,4.062482705726124,5.844988343116271,2.5,11.916943029365974,63.492867402783695,2.5,103.00959850038738,65.90249946381404,2.5,148.41107956716772,22.735398587287367,3.4892684837635315,33.748397261878594,-0.17705546500680724,-0.22447748537916842,-0.14194935478363818,xsoft
4.188010413920328,2.5,12.158248839690694,2.6761023613873447,2.5,3.0246281790913394,21.316707904325714,2.5,57.045806809070406,40.8994125423605,2.5,87.8459516173268,87.06790969976825,2.5,157.8672679310413,14.437235133158643,2.5,21.08197839713801,-0.1590816432397966,-0.23210502164385646,0.0,xsoft
2.9341266420498493,2.5,3.792847006071575,2.5569363166590544,2.5,2.8326890943404193,16.804847878654883,2.5,56.189068359002924,87.22866479917839,2.5,137.78884346605432,55.10105817274488,2.5,109.20848535581972,10.285881778398279,2.5,17.972111022610477,-0.12484752280628958,-0.27542100686893267,0.0,xsoft
3.876865778088635,2.5,12.08464595296671,2.648620919898978,2.5,3.882278872437623,3.7809917002752917,2.5,11.351416631893619,95.31343405257925,2.5,164.1818075250828,54.43602552494662,2.5,124.1329224260748,15.996385139655363,2.5,28.64260157012441,-0.17155751926372206,-0.2572976708705701,0.0,xsoft
3.0104389484733587,2.5,4.145553637298657,2.5004857077549074,2.5,2.5208854334610233,6.850744034127358,2.5,41.468293279583484,67.51123029394412,2.5,137.3597731092232,80.89810902619934,2.5,150.02600397014058,21.654404634766703,2.5,42.20266455426799,-0.1838536795106164,-0.24355367234132,0.0,xsoft
3.823273685604177,2.5,7.103527974360003,2.5140896049010792,2.5,2.630636838998026,4.305972738324984,2.5,12.141113875493899,79.7802711152531,2.5,134.90207383330235,68.7236039070049,2.5,148.2907406330817,14.902331228315207,3.0057742132838974,23.760613999533756,-0.1513795002037567,-0.23181725185869223,0.0,xsoft
4.086640240446078,2.5,12.08637778559551,2.505706721505094,2.5,2.623003348741315,22.38325124918302,3.6864141788711335,59.68548170590309,97.53405241024684,2.5,135.09516701549063,81.89576713970465,5.471700230401379,136.03650692237014,12.071197825913927,2.5,16.61319179802003,-0.1527758657962261,-0.25585211545316355,0.0,xsoft
3.883293631738579,2.5,11.0803368055579,2.5396142530847112,2.5,2.843133857510761,16.22885672230553,2.5,47.747649632896334,99.87923609395115,2.5,159.32391534687528,56.58746887239247,3.544186673131256,107.40315449384963,16.174202076693497,2.5,26.776107973586676,-0.1383189847649683,-0.23887258631681246,0.0,xsoft
2.73174581173087,2.5,3.3912923686888603,2.586845170968327,2.5,2.7692307091561803,41.11999473488013,3.1328216852967947,71.88177191100995,73.89692723730154,2.5,131.92649536052943,52.393500080428005,2.5,114.1800195456354,16.382826794128377,2.5,25.84835298343499,-0.15352302360840228,-0.24684820288575238,0.0,xsoft
2.6520097818170867,2.5,3.4046609187049177,2.5935468771409895,2.5,3.030849001222681,34.00348596296094,2.5,85.89811781801855,87.63301118622115,2.5,160.2165479523424,52.146581228646426,2.5,130.84548483248383,8.974023859018564,2.5,17.193396777132776,-0.18528092173383418,-0.2544756504531155,-0.13875443323356934,xsoft
2.7294700755792975,2.5,3.3267509870965966,2.601972886448584,2.5,2.9931586375938544,35.90674155344844,2.5,47.770983214114516,62.04813907201901,2.5,126.79172569124164,47.095742661278635,2.5,131.60209781432036,15.208279873330325,2.5,49.0304238863966,-0.1916023503865129,-0.29614781226269843,-0.14198417897457702,xsoft
3.4565269807988876,2.5,6.879397801855636,2.6049926578517475,2.5,3.139091306308026,16.065007733964453,2.5,58.22190605220076,92.35214879559639,2.5,150.5379132719179,74.68603753992892,2.5,154.67329934919036,12.770072197125234,2.5,28.438875034359498,-0.14422852144073428,-0.28504117292274345,0.0,xsoft
3.9995129496848105,2.5,8.647392351085182,2.729753510485034,2.5,3.3657277367664875,30.967843908192947,2.5,84.80251666312125,100.15244066836657,2.5,149.16666666666666,72.62818238122878,7.3982300793224285,124.15460098237831,20.349296008101163,2.5,54.057328530584634,-0.20886230955640545,-0.31761371838985253,-0.15539075601541813,xsoft
3.1391734354393983,2.5,4.5139871786167864,2.5,2.5,2.5,2.5,2.5,2.5,91.4596558123183,2.5,196.56281832034315,20.482392939834963,2.5,60.7836415946237,14.794429637357219,2.5,23.94162886155785,-0.2031722452472735,-0.29478786613566405,0.0,soft
2.8518965699082375,2.5,3.6104540442648347,2.5,2.5,2.5,12.320610951084573,2.5,43.333333333333336,98.05395996126673,2.5,158.84727244478154,45.09661914671158,2.5,98.43122088512132,13.579118065040193,2.5,50.102890475825824,-0.17144270101468267,-0.26140931688740143,-0.1384003715344335,soft
3.3476979049659823,2.5,4.863169889501087,2.5368142876610245,2.5,2.908651008306542,3.6642367016699717,2.5,7.415438652000333,82.54396275015777,2.5,149.16666666666666,30.88881267329201,2.5,63.698169642526985,20.268661671713243,2.5,51.04651082221776,-0.2072331986283959,-0.2913900922703587,-0.15985851293858205,soft
3.10774437957057,2.5,4.364330610122728,2.5,2.5,2.5,2.5,2.5,2.5,51.50399130178407,2.5,127.32184283010184,40.134407724158066,2.5,82.86886717869554,20.456215170070227,2.5,51.58618297525779,-0.1873141579712872,-0.23018790242632656,-0.1612294389019574,soft
3.359923947549387,2.5,4.382958074317144,2.505313853491312,2.5,2.5777908366324835,36.56274163693262,2.5,84.62384630481155,135.7935251224984,2.5,222.5,53.264527670120735,2.5,96.49862540852558,9.833147002924314,2.5,23.07797289758267,-0.18687852174073868,-0.23840016904106492,-0.14658222293962503,soft
3.189209989031679,2.502268260851567,4.2008569276772425,2.5,2.5,2.5,2.856323827520539,2.5,4.897340783734247,83.50415285302823,2.5,149.16666666666666,12.16309995815526,2.5,27.951818860381007,33.327061614300916,2.5,53.87608742515456,-0.1830427336804558,-0.23598626007608087,-0.151692506724134,soft
3.1636633725051766,2.5,4.377742690247968,2.5,2.5,2.5,3.3708532494274257,2.5,8.690150883173606,71.89706094489478,2.5,138.95219962255257,32.97294949261681,2.7584308300366955,73.91691114693178,18.99397276864843,2.8943744992625824,70.48227080307343,-0.20902435218299395,-0.28869042581982035,-0.15453767249292572,soft
3.296200330055633,2.5,4.24835112419817,2.5,2.5,2.5,2.575097166558267,2.5,3.8080397268026687,78.17361775524378,2.5,163.01094096520697,48.0092584680767,2.5,94.10425579061337,42.09608921271399,2.5,104.33210358401466,-0.17501629738234226,-0.343008483977096,0.0,soft
2.924229542561758,2.5,3.7600311142519005,2.5017871986072078,2.5,2.563759367357329,14.022093601660048,2.5,46.419762811349216,35.56492053833578,2.5,118.99367045245704,14.766579207629938,2.5,56.31060116630448,9.982805533371366,2.5,19.891244597706677,-0.13983407094119363,-0.231142537317194,0.0,soft
3.2385851095887888,2.5,4.242643135748483,2.5067030728037913,2.5,2.584806571270061,2.5,2.5,2.5,109.52691131006321,2.5,166.71920738302703,14.101061765872714,2.5,23.27124214059614,30.920959457486372,2.5,65.64184238269634,-0.1398731210695494,-0.26715653024434866,0.0,soft
3.410437314078378,2.5,4.67429726121372,2.521994649759333,2.5,2.707971690463085,2.5,2.5,2.5,32.481926527286866,2.5,87.73672054226684,39.64801340521144,2.5,87.9821803736426,27.593281115853088,7.8515320005905265,66.57518468113649,-0.14470713606580124,-0.2245380693039108,0.0,soft
4.050902736066508,2.5,6.686276019827239,2.5148016382997636,2.5,2.741491311509288,2.5140902112063594,2.5,2.9692928827760574,60.96396948712351,2.5,149.16666666666666,42.85756605963039,4.46167686470455,72.20339709864315,27.844018102640337,6.14540915744669,73.57581741929583,-0.1973537999714164,-0.2632156140927392,-0.16384731396839772,soft
3.6421248985973924,2.849043670491675,4.9352749550150765,2.5841533945996704,2.5,2.8839633862675518,5.01792959764736,2.5,24.821752199341315,86.27494390805565,2.5,158.1133222225667,52.57461208361701,4.247406191106629,90.52998354806563,21.295865343059035,2.5,31.37394764649655,-0.19296951773535678,-0.27075839255650214,-0.15568906635587368,soft
4.134340430752355,2.564537048177289,5.824651621090685,2.6093372598505726,2.5,2.8944081494378944,2.5902827619492133,2.5,6.066948885715152,70.61792000825311,2.5,149.16666666666666,31.853618884823927,2.5,65.04990330450215,20.555008258570535,2.5,32.63444367988536,-0.21672199238880596,-0.2556903005885928,-0.15874689868771208,soft
3.605211044494372,2.564537048177289,5.033414240172721,2.5818866442649964,2.5,2.9409348217421445,2.5,2.5,2.5,35.602503744839055,2.5,91.20814522169904,41.53636275095035,2.5,92.47476382538593,28.913178340828352,2.5,49.82809249117505,-0.18574791077286282,-0.2581182292989914,-0.15166311073458047,soft
4.261879972170867,2.712981505216444,6.300376566206794,2.5009228584111027,2.5,2.516987803106814,2.5,2.5,2.5,93.58310539886075,2.5,147.21453527871827,41.09964426060931,2.5,71.0148072968912,17.2600053634705,2.5,30.24095603400895,0.0,0.0,0.0,soft
7.139784903891633,2.5,13.830008467709002,2.546658952897396,2.5,3.0034773838447775,2.559661391791397,2.5,3.2418408869772857,88.40414408491547,2.5,156.038105933751,47.49517778383628,2.5,100.09485102995903,10.473004926879923,2.5,23.654004683240895,-0.2070103016282365,-0.3060146065219183,-0.14568051818716463,soft
4.3588439409500905,2.803162242666307,7.258546456770993,2.7118368803772834,2.5,3.8750162930410967,2.5076150080737194,2.5,2.7754809686774062,81.04579495615482,2.5,166.98461420828158,52.93909803408863,2.5,91.54115319169769,53.23793790542305,7.876605400615585,141.47073107403722,-0.19228542222681566,-0.23492210078895923,-0.17535865902961853,soft
3.629694863072515,2.5,4.980183962503826,2.509109607269951,2.5,2.678349699771092,2.6295679138683403,2.5,3.7890973797090317,80.06005970247602,2.5,169.90974148148223,18.186672619688437,2.5,89.39378525881035,21.86243441673828,2.5,57.57602539033173,-0.2629481535135401,-0.27643902741736615,-0.23466219293972915,soft
4.381424374615912,2.7120991461222075,7.865798488732467,2.5,2.5,2.5,2.5,2.5,2.5,121.33806163725284,2.5,193.6711753500771,37.89640841378189,2.890815785481861,69.25707480937832,5.570675051895137,2.5,11.558234340796426,-0.19149387077331145,-0.25906795233827773,-0.14869686819540534,soft
7.109818107456018,2.6800397421660045,13.813941770277737,2.5120877481082036,2.5,2.6908221169045627,29.86746614453835,2.5,100.68833922216635,77.50903342761355,5.23767783352065,124.98882747165798,6.39960781632114,2.5,13.307664941163033,22.03308102133835,2.5,64.97262175896115,-0.19512022127069198,-0.2340759128470712,-0.16945070104046409,soft
4.555735565795577,2.5,5.839961191747108,2.5,2.5,2.5,7.310181607687684,2.5,18.118469073393655,87.82530975825823,2.5,158.99822393099547,16.28335345600701,2.5,52.733542849054224,39.892297764637526,2.5,98.43089805482713,-0.19420943919016598,-0.25064539104976735,-0.16469895188903655,soft
4.389019004637643,2.9985685388706593,6.008893312561988,2.534095633090313,2.5,2.7966071852065104,2.5,2.5,2.5,66.58119722667094,2.5,118.15169048243786,42.518800814540256,2.5,87.51938478633633,75.02993390453648,12.477863520595875,139.0965210801882,-0.1945462031657496,-0.25397681764356916,-0.1658797229339658,soft
4.57706404249189,3.3559186898623756,6.111682458139893,2.543180663412616,2.5,2.729018894375817,2.5,2.5,2.5,115.07421684264169,2.5,188.59683183109382,20.310895852676097,2.5,49.10969874627316,17.713352435417836,7.7645794090929,34.53608332326853,-0.19191668306701568,-0.2794544399706258,0.0,soft
5.017660941199199,3.347723121874155,6.701264587248853,2.51179173196169,2.5,2.6650977565667793,4.2405072545379,2.5,14.579235227887898,119.7172437493656,2.5,222.5,40.26596462714449,6.336391703395763,70.88360128159064,25.78659167248574,3.785547739096502,59.19127016062524,-0.1799671477883773,-0.2257141305033714,-0.1453971247818128,soft
5.4858246334780665,2.618695965133624,11.41194591060166,2.5324925163095258,2.5,2.7243417379507653,2.5015684697358616,2.5,2.5846973657365457,73.38742098455926,2.5,122.0670847567099,41.51726439075324,2.5,88.4081789097313,65.29519104825897,3.8125243567910925,137.3422274228653,-0.19677336758136044,-0.28478677611267234,-0.13641331412982188,soft
6.291329585641194,3.3113972947752934,12.144637071413086,2.545395827672941,2.5,2.794036373344445,14.908732792992845,2.5,87.1394927722892,118.97890583038713,2.5,188.8980729138922,46.15994657013743,2.5,91.1332826765215,49.048249035248816,2.5,114.19199046701345,-0.26370796389712753,-0.2925535967963391,-0.22228660957178092,soft
6.836799612624938,3.4675778523888616,14.995210109342233,2.6143145205492537,2.5,3.170325988785507,2.5,2.5,2.5,124.23394648540115,2.5370231537467616,189.40899686794796,53.804373872416264,2.5,92.23040911909078,10.482055282493361,2.5,15.651785012298022,-0.18535344125301695,-0.31043147907705665,0.0,soft
7.346482566277607,3.252006092720149,13.525663962240822,2.5807444579612184,2.5,3.1477197327310913,2.5,2.5,2.5,89.25405426098048,2.5,150.5379132719179,40.69313466430592,2.5,75.08872873741625,61.487574458533715,6.880275092949797,130.226634743893,-0.09421084898396076,-0.28560996894174273,0.0,soft
8.031123700883533,4.9127006988541195,13.743809083012104,2.5870208277066093,2.5,2.9007230486044864,2.5,2.5,2.5,77.81813160597066,2.5,126.58814431631625,48.432525013046735,2.5,91.20881425340599,12.174815546129064,2.5,23.811084459000284,-0.06018299119197973,-0.25662012929909567,0.0,soft
6.241642717241363,3.5255942454536506,13.67389360402086,2.555353636991744,2.5,2.843133857510761,2.5,2.5,2.5,88.70044620869022,2.5,155.40312700077175,34.1568285262198,2.5,60.55745507802617,58.02135335494125,2.5,138.2445017855844,-0.18158183189828006,-0.257312795698576,0.0,soft
5.383625850940795,4.06822995264321,10.476087272179269,2.7264597595252034,2.5,3.52675723657495,29.775377586801582,2.5,72.928353484487,85.76812812170988,2.5,149.8728548201043,24.200000322603337,2.5,55.53871839406086,18.966970041358625,2.5,42.303708699187155,-0.19259728499577355,-0.2789928337828049,0.0,soft
6.500870598928408,2.9803209009342173,12.466930921033113,2.5440512056176026,2.5,2.760525276072602,6.198546473216586,2.5,18.543052321969316,74.6183570602711,2.5,149.16666666666666,41.76468580768824,2.5,71.12134098041784,23.865087964520793,2.5,45.4706092621025,-0.17214628802426898,-0.28143631654119217,0.0,soft
6.024077600076028,3.324094858700134,14.828093705148953,2.5147091954642735,2.5,2.6650977565667793,2.9250282253487265,2.5,7.080419012875993,86.13339822276997,2.5,154.50132188188664,61.95727726658228,2.5,93.52768634040574,26.001671936596495,2.5,60.7106885671158,-0.18616387504272275,-0.25907860712182,-0.13977877019631071,soft
4.822450229401768,2.5,8.290384604122476,2.630584566219116,2.5,2.977016730876053,4.288850404004784,2.5,15.952686311158283,85.42859016438999,2.5,149.16666666666666,55.3415169213862,2.5,91.03257390734221,18.93862476626023,3.1691604605151595,58.14332490297869,-0.12352148778641615,-0.249333031998561,0.0,medium
5.52877312461472,3.4277457019264688,8.934349187785504,2.519511547850548,2.5,2.8374367139633017,2.5,2.5,2.5,81.13959941365275,2.5,160.0666443478049,39.18476022032265,2.5,64.17463351435904,58.312899346072044,9.670267223972866,137.45284192542113,-0.12010400442019828,-0.23771199157119824,0.0,medium
5.122100999958805,2.5,7.835787641043292,2.5039139155387606,2.5,2.5887042016242705,2.5,2.5,2.5,58.79809226625917,2.5,126.15266080020338,67.00110015591294,2.5,126.09932466125342,13.109481215271611,2.5,21.17980260256232,-0.18834686372348797,-0.21457486730632935,-0.1662756661063988,medium
6.075107452218221,3.7204254161936148,12.403993547003912,2.5236151754599296,2.5,2.703294534038034,18.557512239145893,2.5,69.6031151544776,46.094042354026584,2.5,109.6551193332537,39.84635604889911,2.5,87.66901042734513,32.28044091828355,2.5,72.27561032796241,-0.13460294598886158,-0.22786355294066316,0.0,medium
5.972326112421459,2.9685235736905997,12.661867970874445,2.5,2.5,2.5,23.908542074853173,2.5,70.13331363752235,64.36167690323116,2.5,128.1596392633194,36.587158709394245,2.5,72.33222963926572,23.94327012685916,2.5,36.89210782509226,-0.20179895686858806,-0.28937769975237726,-0.15379275886379254,medium
8.518067042106221,3.522996496510451,12.751956846246964,2.503136950924783,2.5,2.562979841286487,3.4178408750429714,2.5,9.377818572277839,55.41558746707531,2.5,120.2691927577308,44.43204546520333,2.5,91.1332826765215,76.62808054999515,2.515615471590111,138.10174589081092,-0.17482014053164652,-0.2962877038851055,0.0,medium
8.79318452663966,3.020890102485375,18.586883049589826,2.634440924747002,2.5,3.175928308207485,9.272444979751182,2.5,34.88204155440071,55.2549530488174,2.5,127.29715391890112,12.128315457625444,2.5,35.486994592268935,5.862007163001583,2.5,13.580361639762444,-0.18305007557331707,-0.24153603148682415,0.0,medium
7.264961293441368,2.8078972804694717,17.421893238388893,2.5006268131966016,2.5,2.5294602202402845,40.548587117603354,2.5,63.210225210313276,136.0676289700642,2.5,192.8896972647369,55.88920626787271,2.5,94.95738192890808,16.969280894221278,2.5,35.70993147119493,-0.19654958511321466,-0.25794609876318847,-0.1528224298438391,medium
8.760075189182055,3.1763937285752726,19.022725008896288,2.573182415261243,2.5,3.1007089328217052,4.133218808421254,2.5,7.779646228536403,103.11018459612686,2.5,187.54293615759158,40.0157200733252,4.497891626439411,65.60836086884382,27.95390276534253,3.013200860885318,93.54139896022205,-0.11902073110120183,-0.2781638214290658,0.0,medium
8.145532608009615,4.021306082391868,14.892822823692091,2.5809156805069216,2.5,3.0918130581098295,4.395250926035945,2.5,8.643362991366333,77.41469371326994,2.5,159.53729159686895,11.757245321743712,2.5,53.42712463367955,47.667004836025626,3.451332486703651,138.10088261163983,-0.18336431776241446,-0.2597985577272358,-0.1482380360117371,medium
9.320287252949424,4.470785406970141,16.68426292823294,2.634679864038838,2.5,3.1850097789344276,2.5021704113375107,2.5,2.599838921525503,72.77995829811042,2.5,157.5754147630844,40.02415240784082,2.5,95.07292830183611,11.550081289235974,2.5,25.42001847472248,-0.19771335627814177,-0.23789251137825304,-0.17115303203336252,medium
5.5101974475519855,3.541509070819741,8.698098301625457,2.5,2.5,2.5,4.030846645563688,2.5,10.607905962272392,82.96872421733714,2.5,161.0419278745346,56.86627438325909,2.5,93.94053853931985,10.301130703113602,2.5,26.355180283973596,-0.1874991851328142,-0.2870977549275998,0.0,medium
5.736600105960212,3.25170756199554,8.928459749486052,2.5470618409608665,2.5,2.966571967705711,2.5,2.5,2.5,95.23406865351517,2.5,164.1658480693711,54.71748717672185,2.5,92.24381974861825,72.4735822200807,9.75474471757657,141.17753391794682,-0.18838943436138048,-0.2693847575788062,0.0,medium
5.95981373808086,2.5660069912426287,13.23131099514366,2.5,2.5,2.5,3.404855879063267,2.5,6.232445707434493,47.31370839603458,2.5,98.78267703061361,60.10382813106464,3.733299407602925,91.86832212184909,24.69463508082141,3.0800406892981074,52.56977753166731,-0.21486256265692633,-0.29369969368320137,-0.1732092869459851,medium
8.126169608556554,2.783694593795646,14.81941640726155,2.586192422564611,2.5,3.1217807772978103,2.6189471983722448,2.5,3.750501814804631,68.52189050755335,2.5,124.94923961709374,53.42351987888897,2.5,93.71275801578103,17.027850109113018,2.5,31.864260691717476,-0.24124684096445737,-0.259709065761253,-0.2251405026922972,medium
6.464886426334316,2.672183256810847,13.673246013756248,2.5,2.5,2.5,2.5,2.5,2.5,84.41985165361487,2.5,186.27693775271504,38.97712722782039,2.5,90.51250755144376,18.915639915520018,5.92568712609814,31.526739145184056,-0.25288553035302697,-0.2886316326135444,-0.22014550719380505,medium
6.122986450659168,3.69939565302192,14.019604045548567,2.527294278583245,2.5,2.7548281325251427,9.20018728302386,3.3526937761479627,25.14096350789718,45.228927667063125,2.5,119.023240038945,48.25481935522904,4.405139876145786,87.49311594877332,9.286880029619928,2.5,16.25862231161724,-0.24109341003938795,-0.2818136716833758,-0.210571722760736,medium
9.513174674502292,3.2613720690183414,21.31128018656932,2.51839581388985,2.5,2.7243417379507653,3.807470477150384,2.5,10.863697875717437,77.90032711951399,2.5,165.18139601141817,26.292633170776032,2.5,59.360337424095654,29.144161013281003,2.5,85.99207883316019,-0.18893485827215217,-0.2541110126303421,0.0,medium
7.908570461610643,4.368611672593524,15.101600195175275,2.5733734406150375,2.5,3.063954921659845,2.5,2.5,2.5,89.05073100591136,2.5,174.52518846577473,19.049747352526964,4.974719322615065,45.955956454202436,35.66265346709088,5.946333832511454,81.903559508988,-0.16381915062393543,-0.28005880430582786,0.0,medium
7.530891619850918,3.578658464197755,15.99662935136498,2.5480463038686016,2.5,3.0182019803714746,4.963425378264497,2.5,15.167841356524159,76.95455136264847,2.5,149.16666666666666,47.41823182566018,2.5,90.8139684931712,19.405270650795945,3.482665166615481,34.63401944075044,-0.21786623578891265,-0.2959265632253125,0.0,medium
7.6448768862660526,3.8353088978497127,14.760918034511029,2.6289721921807128,2.5,3.301292004338502,2.5,2.5,2.5,43.71971165034076,2.5,106.91712449514152,31.847037976082905,2.5,59.617270939570915,10.233033360322468,2.797828080444109,20.082075917654407,-0.18921874578788572,-0.23859911838740616,-0.16852699505178148,medium
7.272884214900432,5.419979173987411,9.316380500444852,2.5,2.5,2.5,2.5,2.5,2.5,12.994274282415274,2.5,58.71327215975115,22.749301167748776,4.107022192392175,50.25966583551645,23.56220575363893,4.772907897138761,43.81559198672528,-0.20651358915068774,-0.30183287890860566,-0.14321700565163598,medium
9.055425823830314,3.1404694281950483,18.721276012054958,2.6940166537958334,2.5,3.6947145585338816,2.5,2.5,2.5,73.67513870610041,2.5,192.25307981957044,35.47408045327843,2.5,88.71701378407955,3.979405861175741,2.5,7.7413109674208895,-0.21043670186180377,-0.27638926779173867,-0.15357553570771348,medium
5.411560160843904,3.6634864001914056,7.9843689281798715,2.5026536051408983,2.5,2.563759367357329,2.620590522110921,2.5,4.154193204910449,34.26073892761169,2.5,112.78690122325158,62.12895841764703,2.5,92.8145129461386,9.463591738324151,2.5,15.041537506582332,-0.21598546963376566,-0.2670876969652772,-0.17351591165678276,medium
7.439207265685821,3.062816234808557,14.695104061416018,2.5177560010111706,2.5,2.6307986094497346,5.066113358098672,2.5,8.96630282471225,67.54733758865734,2.5,130.98595885023494,37.952679492078154,2.5,79.369816072753,7.38302081842679,3.4722209399782042,13.480038532230765,-0.21271474966524354,-0.27934461238521324,-0.18385134196950786,medium
7.437583273956261,3.461449822491622,14.881595594618256,2.5,2.5,2.5,4.831335975845052,2.5,8.453427791974747,78.35268305956424,2.5,155.8971050163401,55.789556321477946,4.138540981470786,91.26923951491358,3.948688618167675,2.5,6.749135619442579,-0.20148308783317428,-0.231575107204692,-0.16699183098243148,medium
7.849065977103967,3.3617376140401407,15.196655513683837,2.5482845234024825,2.5,2.8258436955716153,2.6665031503552177,2.5,3.706776699440537,17.30313895925747,2.5,84.352875290174,39.10622863962219,2.5,87.29757244005718,9.070124118440289,3.2582802317322113,20.04513142414459,-0.1939942406861687,-0.26469012261726227,-0.16899141111141397,medium
8.04007118538075,2.649032041010258,16.86965171750195,2.69841611317298,2.5,3.457324627044861,2.5133040055743234,2.5,2.6937165674170376,62.70968557498367,2.5,129.5733290578856,40.048235134559995,2.5,91.18363706111116,25.94561523974804,5.0479140038892725,70.52134479421274,-0.18864142105703294,-0.2539466365143287,-0.15736843377327175,medium
5.510496879567352,3.07880902762288,10.014411411628751,2.5,2.5,2.5,4.7032937428853305,2.5,9.511002986771095,46.929736790838625,2.5,118.81938346399879,32.76267070680045,4.205155635749293,64.41140294001632,5.663716625910093,3.0726140416966863,9.702623641903832,-0.1809591634659134,-0.2626511249323027,0.0,medium
9.318599449477079,3.635576272240746,15.986236312607874,2.527400496970981,2.5,2.8535786206811027,2.5,2.5,2.5,50.408602292276214,2.5,149.16666666666666,40.403414137685495,2.5,88.95130230944721,27.728718124245116,6.670345071252697,53.3760453226186,-0.1842971198679084,-0.247060196529238,0.0,medium
7.278817838384312,3.269462894729489,14.703270464195038,2.563170752572267,2.5,3.0295237099365373,2.5,2.5,2.5,51.49126727949689,2.5,124.64245754466754,54.20707620131905,2.5,123.1960876179074,16.441904237616516,7.488648585768101,46.93037324480455,-0.11794850816723361,-0.19667463968751905,0.0,firm
4.591992737306588,3.0375023435945603,6.624193615840472,2.5,2.5,2.5,2.5,2.5,2.5,85.24194075158634,2.5,166.88159105107638,33.49583424781312,2.506339080853634,64.92202050370285,15.378198700208332,6.209747014330084,25.26330078321898,-0.1824551462561713,-0.2196211921886331,0.0,firm
4.5699408607129595,3.066844933846029,6.695130605538462,2.5,2.5,2.5,3.976770743089963,2.5,8.434460603691162,131.38992688986588,3.789301451204603,192.59844461723335,30.02563171815525,2.5,69.70044207542013,13.308299690499785,2.5,26.26310748873065,-0.16377552958856742,-0.18227781367476292,-0.14659075028892565,firm
3.4318194582083326,2.5,5.623780694882657,2.5037408515940243,2.5,2.5723341541365903,2.7779865015486425,2.5,4.969806936311392,106.44439287856531,2.5,158.56244397399877,46.53877746265966,2.5,90.24599860296007,80.15883224226631,4.324499211445905,140.66436120833194,-0.17104117677676134,-0.19767490199281584,-0.1548190367175942,firm
8.4083063732719,2.5,15.60600103889645,2.53485294301537,2.5,2.6736725433460404,2.5,2.5,2.5,46.76053757307574,2.5,120.55715865912474,32.367666517791776,2.5,54.33255657204148,15.2656082215075,6.975563417694171,24.20075417601167,-0.1801706799356812,-0.21441714425874359,-0.14209262991602048,firm
7.954148052648892,3.3983045472368745,14.995675256467083,2.5407192049282235,2.5,2.7500805129022603,2.5,2.5,2.5,2.5,2.5,2.5,39.56890693105789,2.5,67.84234899372974,67.29186660515546,5.612490541749518,136.12235825183092,-0.18449730927783867,-0.20340863420382196,-0.16264895399158427,firm
4.788186949066613,2.7090262097142577,8.551851799392027,2.5,2.5,2.5,7.930121468212358,2.5,26.72457623814151,89.2933487797426,2.5,195.99058201354194,28.1426067573251,2.5,56.974209119773064,8.525406748856566,2.5,21.545746341626757,-0.16971198046286687,-0.18506150708426716,-0.15764031260018166,firm
9.555531827847508,2.9722353687246206,21.630751450224782,2.5,2.5,2.5,4.445988842790534,2.5,21.56480759051944,100.58612087415491,2.5,162.08395289918505,43.66815355346041,2.5,80.84213649375398,16.74551129199682,3.3028401173407373,26.629103367807733,-0.1649010694306411,-0.18450610411991916,-0.15067071992114978,firm
10.311173669817563,3.727157677482659,20.833333333333332,2.5007938924805893,2.5,2.534137376665336,3.7998766115856863,2.5,7.1720376182782255,50.1472226020221,2.5,123.92605456820952,28.64635443285629,4.742341268149715,54.65996435420058,3.567029011582903,2.5,6.204549924430356,-0.16827211444080986,-0.17838528000632453,-0.15955420526721847,firm
9.98200296732578,4.8004140975556115,14.727977786878627,2.5050580977831944,2.5,2.545050741657123,2.5,2.5,2.5,70.36303234971118,2.5,155.14368856431963,67.62598010221643,12.148946519704097,95.52898921356199,59.306208635938994,2.5,131.3687927770004,-0.20873242992770677,-0.24348160597178164,-0.17217810020077828,firm
6.419906453393295,5.066914847409101,9.661888247423427,2.5241200502382775,2.5,2.7500805129022603,16.010011105845656,3.1600764857169175,57.8658523908178,61.914510873294034,2.5,124.75714295939451,56.05108013043447,2.5,94.37591668045337,89.41562150122185,4.426514883658626,142.39161670726799,-0.18716277944154575,-0.21001562018757688,-0.17567949451763723,firm
4.947416583020709,2.653821947727621,9.68263969449604,2.5,2.5,2.5,2.5251601552508345,2.5,3.1873312861370398,55.60447615424188,2.5,132.23233410708437,47.18135550905354,2.5,89.56899800033828,40.188203531749956,7.595370298019258,75.48600968460626,-0.1984688950053669,-0.23257674220880714,-0.1748515604623802,firm
9.272862300473003,5.2538762026112975,16.154133943852013,2.5266784532864874,2.5,2.686144960479511,2.5,2.5,2.5,67.0073355411677,2.5,200.1481108122432,60.11185281720114,7.511985096143664,89.17963635249846,28.16180058583762,8.680384211020025,70.03595536685577,-0.15800020295144154,-0.17834267890953,-0.14660657234943408,firm
6.305266253070644,3.007970805623657,14.436708315597164,2.5057538740468708,2.5,2.5723341541365903,12.391147392516837,2.5,22.442038061748875,85.39833837851944,2.5,149.16666666666666,22.65444766689182,2.5,52.912609033958034,19.116305804156983,6.703006577408615,40.500314771601616,-0.1547142744118819,-0.16208887039954284,-0.145845390147653,firm
4.010202879284755,2.5413858323767,5.492326028118082,2.5701053344987113,2.5,2.930490058571803,3.0048166590319516,2.5,4.778702090307526,19.57654525456432,2.5,66.99844814261807,50.67781922482822,4.6186074988889425,93.57751332992986,25.896639135081948,7.698093076284619,60.74192066986921,-0.15836419034500201,-0.17096915158345655,-0.1417106614757137,firm
5.955375149906777,3.7577987557780435,9.019680313446058,2.546441094526818,2.5,2.7548281325251427,2.5,2.5,2.5,17.824840083721792,2.5,65.68139189173733,34.5165413279336,4.512625066300022,64.12442910130686,26.051492987028862,5.040907233499377,44.95704019068463,-0.1573177847289714,-0.17442147618262827,-0.14285729876538472,firm
7.154138280096812,3.7464991228115214,17.108047735231505,2.5137272469909804,2.5,2.6736725433460404,2.6496246882660026,2.5,3.6687374135442625,64.93173161879193,2.5,150.39394952675642,26.055721425092905,2.5,57.36337221326253,49.714634255211365,7.241258961223309,104.89809414482261,-0.1484442394144115,-0.16747396917197416,-0.13905301886660176,firm
5.95919936892592,2.765982464945749,15.111362288290637,2.5,2.5,2.5,2.502171727326578,2.5,2.5846973657365457,66.93517289624268,2.5,135.15014775851083,29.856434215337597,2.5,60.26671948459247,7.28739424242739,2.5,12.405939050245344,-0.18769236146269802,-0.21034089110871595,-0.15636899995558234,firm
6.036110342533742,2.74778810563569,13.279489297179346,2.5,2.5,2.5,12.644893995679901,2.5,27.97644765019331,81.72692206948956,2.5,159.16324116807013,19.15567881541821,2.5,55.586538729459924,76.07508707301729,3.0057742132838974,139.10926680855806,-0.15224758819328987,-0.2297640371878995,0.0,firm
5.6686264267418185,2.7723109377492485,11.447307325051193,2.5041932637373754,2.5,2.556743632719752,22.68947937238276,2.5846973657365457,59.61145605729928,58.247255120362,2.5,137.12389841538157,47.52898008851663,4.929383447718562,70.14418671000963,24.852089854568675,5.594100521306942,70.97189065864477,-0.1481948993404485,-0.15811057739679452,-0.14139775112877903,firm
4.647187032029072,2.5206295699347927,7.7187366965709,2.648132335821601,2.5,3.24111278926203,13.191275289016259,2.5,23.421280224887244,134.03591382927692,44.47184171094481,187.37559591224704,38.510381660121006,3.3084491918906473,91.01746759196531,6.17520668501248,3.566218979713694,13.806911917018846,-0.1914415524438087,-0.20990320339593888,-0.17215066986059654,firm
5.511147176077446,2.765982464945749,13.350694517685163,2.519490606963341,2.5,2.678349699771092,3.3524215858195485,2.5,7.2402592463879,60.26299939404085,2.5,120.72136903979963,13.920368850728954,2.5,28.132389615206648,5.983678867464949,2.5,10.214892049276843,-0.19944117378801762,-0.22989005094843834,-0.17731985616010998,firm
9.067286469236727,3.790270476939162,14.529614661448816,2.5686338344085997,2.5,2.915297675778578,2.5,2.5,2.5,9.151424460282467,2.5,42.84186169640672,43.247229413984385,2.5,89.56899800033828,6.762792030834436,2.5,13.920156891628295,-0.19804976824999132,-0.22430450832425558,-0.17089562402095682,firm
4.074989903266031,2.738443633067705,6.241565302781091,2.5,2.5,2.5,2.5537549460512885,2.5,3.2145860865571625,85.09697782095851,2.5,149.16666666666666,43.57772435881854,6.276644004318928,69.7987302186542,58.85225030344176,6.41749015375964,109.50947677473793,-0.1626163047740769,-0.18819450195734302,-0.15123530470334756,firm
4.26661646583705,2.9197111189288427,7.357326188876729,2.5,2.5,2.5,23.127814035867285,2.5,52.226161882753644,49.94779880732435,2.5,125.80821205838464,46.68634842734863,2.5,90.86136899973737,40.61320586630916,5.35308959739947,67.85167524367783,-0.10351114920832583,-0.22296763900217054,0.0,firm
4.377475813907212,2.9742638467360325,7.305365000240822,2.5,2.5,2.5,3.018468927147227,2.5,6.030675519780451,63.32488486618424,2.5,127.72583787042275,59.68700688409223,2.5,92.04266030570619,6.058501082328477,2.5,9.068482258837426,-0.17297292161749786,-0.19922128688666846,-0.1584246210383608,firm
5.038160341423718,3.3449675619255266,10.201846593812453,2.5,2.5,2.5,3.228200686468019,2.5,6.143949113671259,51.1830394816439,2.5,143.33001990270097,51.909267163461124,2.5,93.63445846081457,26.194359569696854,2.983494270479634,50.30619807764051,-0.15506464116040525,-0.1721893192542526,-0.14246032340043988,firm
6.008184454907399,3.883987210067423,10.210340313829109,2.5,2.5,2.5,2.5380408625028212,2.5,3.2538587849268374,39.587650764099706,2.5,108.40686986302036,30.58677818812149,5.438129987022336,51.71766265271378,3.670690034259468,2.5,5.803096831810076,-0.16989647771198477,-0.2218483922932333,-0.14801718993187224,firm
8.929669671135272,2.6713849390246196,21.11916882648502,2.589054440888516,2.5,3.432516381282015,2.5476915365346215,2.5,3.269000340715794,34.150988340638236,2.5,104.78676834709678,48.74140095171558,2.5,89.98561496352687,8.355127194045956,3.1468805177108963,33.80510581155691,-0.16616557304123306,-0.1979445010976522,-0.14639727092840954,firm
6.404222630082492,4.307547765252104,10.35829794249572,2.639074496718681,2.5,3.206744688124881,2.8654102340008336,2.5,5.715342991982671,33.05818234222937,2.5,62.79958326553734,13.326949002407654,2.5,23.862850158844427,22.70643319532519,5.464520837330571,40.69872969061871,-0.17042081127139208,-0.21537868149818082,-0.148150624544566,firm
8.745418289930186,4.045204371015104,15.47681154676912,2.5,2.5,2.5,6.91117725471647,2.5,15.011111344391553,56.8963075986365,2.5,111.99436258720336,16.836725231383884,2.5,60.67605067437729,8.037905592164494,2.5,21.303943153905905,-0.15646456540098733,-0.21108702582104613,0.0,firm
5.334909338869788,2.647562097944918,13.901807192833319,2.5,2.5,2.5,2.5,2.5,2.5,19.567031427122476,2.5,93.96168642299108,29.606642495233288,2.5,61.33951337457355,20.95096999926027,2.5,34.10763116945609,-0.16560273115212248,-0.21017588390433029,-0.14278615418908847,firm
