i3_avg,i3_min,i3_max,m3_avg,m3_min,m3_max,r3_avg,r3_min,r3_max,p3_avg,p3_min,p3_max,pa1_avg,pa1_min,pa1_max,pa2_avg,pa2_min,pa2_max,pa3_avg,pa3_min,pa3_max,pa4_avg,pa4_min,pa4_max,displacement_avg,displacement_min,displacement_max,label
24.852089854568675,5.594100521306942,70.97189065864477,47.52898008851663,4.929383447718562,70.14418671000963,58.247255120362,2.5,137.12389841538157,22.68947937238276,2.5846973657365457,59.61145605729928,5.6686264267418185,2.7723109377492485,11.447307325051193,2.5041932637373754,2.5,2.556743632719752,22.32177883880517,6.282552644325731,36.63016771108816,28.00229236872707,6.536568963059911,36.892045489603575,-0.13246601106247619,-0.1413912407162874,-0.12722732989934746,firm
59.306208635938994,2.5,131.3687927770004,67.62598010221643,12.148946519704097,95.52898921356199,70.36303234971118,2.5,155.14368856431963,2.5,2.5,2.5,9.98200296732578,4.8004140975556115,14.727977786878627,2.5050580977831944,2.5,2.545050741657123,15.128564985226888,3.7246985725904533,29.708299075936985,44.54848159726604,8.414015049347514,61.0373862904851,-0.19365810192624366,-0.22481669017375674,-0.15875026336607473,firm
26.194359569696854,2.983494270479634,50.30619807764051,51.909267163461124,2.5,93.63445846081457,51.1830394816439,2.5,143.33001990270097,3.228200686468019,2.5,6.143949113671259,5.038160341423718,3.3449675619255266,10.201846593812453,2.5,2.5,2.5,37.066544282403605,2.853025387323565,65.907335955388,18.40337220000535,3.1850173836973243,29.873292794546362,-0.13650528331298453,-0.1520144064756915,-0.12617939912396428,firm
15.2656082215075,6.975563417694171,24.20075417601167,32.367666517791776,2.5,54.33255657204148,46.76053757307574,2.5,120.55715865912474,2.5,2.5,2.5,8.4083063732719,2.5,15.60600103889645,2.53485294301537,2.5,2.6736725433460404,24.147444484898315,2.7694735163989863,43.616285343451175,27.032827206664425,2.5,61.32613101928925,-0.1606266116542232,-0.197168978995928,-0.12192285814358195,firm
26.051492987028862,5.040907233499377,44.95704019068463,34.5165413279336,4.512625066300022,64.12442910130686,17.824840083721792,2.5,65.68139189173733,2.5,2.5,2.5,5.955375149906777,3.7577987557780435,9.019680313446058,2.546441094526818,2.5,2.7548281325251427,37.06676445199717,2.828319084933932,63.96267818121228,23.265962437641655,3.8222762257296616,38.782760477173476,-0.14118493423148243,-0.15781267276443578,-0.1272706712240413,firm
15.378198700208332,6.209747014330084,25.26330078321898,33.49583424781312,2.506339080853634,64.92202050370285,85.24194075158634,2.5,166.88159105107638,2.5,2.5,2.5,4.591992737306588,3.0375023435945603,6.624193615840472,2.5,2.5,2.5,33.59530854409919,6.8554198071845756,56.53119517575691,19.80490050191201,3.5567021472282505,35.40944651777726,-0.16560049224430243,-0.20223241019999874,0.0,firm
40.188203531749956,7.595370298019258,75.48600968460626,47.18135550905354,2.5,89.56899800033828,55.60447615424188,2.5,132.23233410708437,2.5251601552508345,2.5,3.1873312861370398,4.947416583020709,2.653821947727621,9.68263969449604,2.5,2.5,2.5,24.667783648416663,2.5,66.86692009566697,14.183647276745093,2.5,32.06329728236306,-0.1827040018018554,-0.21780660755897363,-0.15914372776672478,firm
20.95096999926027,2.5,34.10763116945609,29.606642495233288,2.5,61.33951337457355,19.567031427122476,2.5,93.96168642299108,2.5,2.5,2.5,5.334909338869788,2.647562097944918,13.901807192833319,2.5,2.5,2.5,22.138125407332247,3.744014718602675,43.344013570415875,22.110298717675796,2.9870427040128447,35.90467363782358,-0.1515310662393738,-0.19583998890025206,-0.12887766280984633,firm
6.17520668501248,3.566218979713694,13.806911917018846,38.510381660121006,3.3084491918906473,91.01746759196531,134.03591382927692,44.47184171094481,187.37559591224704,13.191275289016259,2.5,23.421280224887244,4.647187032029072,2.5206295699347927,7.7187366965709,2.648132335821601,2.5,3.24111278926203,9.088775855301597,3.2041372431561466,19.594518411598866,21.67462922112931,4.879434473342654,45.70889541135789,-0.1755370847395396,-0.19241444877035319,-0.15753507797489033,firm
6.058501082328477,2.5,9.068482258837426,59.68700688409223,2.5,92.04266030570619,63.32488486618424,2.5,127.72583787042275,3.018468927147227,2.5,6.030675519780451,4.377475813907212,2.9742638467360325,7.305365000240822,2.5,2.5,2.5,26.664929408647886,3.3242948033128585,57.00258990105169,10.373144749117564,4.493167371064963,17.544126739100115,-0.15544022910258243,-0.18217672295881243,-0.13760778523466774,firm
16.74551129199682,3.3028401173407373,26.629103367807733,43.66815355346041,2.5,80.84213649375398,100.58612087415491,2.5,162.08395289918505,4.445988842790534,2.5,21.56480759051944,9.555531827847508,2.9722353687246206,21.630751450224782,2.5,2.5,2.5,19.04729560249956,4.750207898313755,37.166777398391,41.69460726379023,12.893429551170522,61.00354548435103,-0.15103610750222632,-0.17248237110552145,-0.13682909257712883,firm
8.037905592164494,2.5,21.303943153905905,16.836725231383884,2.5,60.67605067437729,56.8963075986365,2.5,111.99436258720336,6.91117725471647,2.5,15.011111344391553,8.745418289930186,4.045204371015104,15.47681154676912,2.5,2.5,2.5,27.54450850238669,3.318311322497501,57.15696771489336,25.22438412901695,7.0614867929927,42.8795611039132,-0.14280174359175354,-0.19470561164599648,0.0,firm
8.525406748856566,2.5,21.545746341626757,28.1426067573251,2.5,56.974209119773064,89.2933487797426,2.5,195.99058201354194,7.930121468212358,2.5,26.72457623814151,4.788186949066613,2.7090262097142577,8.551851799392027,2.5,2.5,2.5,36.23369950647114,4.265717951379869,68.01215339975023,20.54679688190596,4.014419372722447,42.619172876551985,-0.1535374031393203,-0.1683022473695109,-0.14182472685928066,firm
3.670690034259468,2.5,5.803096831810076,30.58677818812149,5.438129987022336,51.71766265271378,39.587650764099706,2.5,108.40686986302036,2.5380408625028212,2.5,3.2538587849268374,6.008184454907399,3.883987210067423,10.210340313829109,2.5,2.5,2.5,28.639745728756953,2.944821509864831,60.19104666480233,28.54647696761378,5.3144320869892665,56.36394397044314,-0.15297386657363665,-0.20525593233414796,-0.12905267311171054,firm
19.116305804156983,6.703006577408615,40.500314771601616,22.65444766689182,2.5,52.912609033958034,85.39833837851944,2.5,149.16666666666666,12.391147392516837,2.5,22.442038061748875,6.305266253070644,3.007970805623657,14.436708315597164,2.5057538740468708,2.5,2.5723341541365903,19.018658872600312,4.430145774215506,30.748905054783712,38.029759355445925,9.11101518312075,53.81264888506521,-0.13790892885985273,-0.14402547859263382,-0.13057987987387115,firm
8.355127194045956,3.1468805177108963,33.80510581155691,48.74140095171558,2.5,89.98561496352687,34.150988340638236,2.5,104.78676834709678,2.5476915365346215,2.5,3.269000340715794,8.929669671135272,2.6713849390246196,21.11916882648502,2.589054440888516,2.5,3.432516381282015,29.77399486070098,2.936577258248144,73.20085767306068,14.69012070909955,5.125251487270855,26.05959870606734,-0.15002164495880613,-0.18137829044174045,-0.13099150601518716,firm
58.85225030344176,6.41749015375964,109.50947677473793,43.57772435881854,6.276644004318928,69.7987302186542,85.09697782095851,2.5,149.16666666666666,2.5537549460512885,2.5,3.2145860865571625,4.074989903266031,2.738443633067705,6.241565302781091,2.5,2.5,2.5,34.627827568753226,5.18440169877087,61.77533318203539,16.481686920906103,3.4941826768440856,38.1512094188661,-0.14423970679343498,-0.16928878617457693,-0.13376233356505446,firm
80.15883224226631,4.324499211445905,140.66436120833194,46.53877746265966,2.5,90.24599860296007,106.44439287856531,2.5,158.56244397399877,2.7779865015486425,2.5,4.969806936311392,3.4318194582083326,2.5,5.623780694882657,2.5037408515940243,2.5,2.5723341541365903,25.944785520568427,4.521326917761054,66.01021513801572,16.26830817856952,5.078517335060935,29.997840644430752,-0.15547289265449804,-0.17892520734617043,-0.1400924434781065,firm
7.28739424242739,2.5,12.405939050245344,29.856434215337597,2.5,60.26671948459247,66.93517289624268,2.5,135.15014775851083,2.502171727326578,2.5,2.5846973657365457,5.95919936892592,2.765982464945749,15.111362288290637,2.5,2.5,2.5,23.187671713874387,3.3446125551794497,46.21265760144151,35.66853819288997,6.048176994605506,66.17846678627033,-0.16941610836756532,-0.19294629614972708,-0.1357205061830602,firm
5.983678867464949,2.5,10.214892049276843,13.920368850728954,2.5,28.132389615206648,60.26299939404085,2.5,120.72136903979963,3.3524215858195485,2.5,7.2402592463879,5.511147176077446,2.765982464945749,13.350694517685163,2.519490606963341,2.5,2.678349699771092,11.65436280198055,2.944002325691335,20.929053111524073,20.0118341834143,4.360811357014691,37.01541385636963,-0.18356271318141218,-0.21486919381841585,-0.15963100882775366,firm
28.16180058583762,8.680384211020025,70.03595536685577,60.11185281720114,7.511985096143664,89.17963635249846,67.0073355411677,2.5,200.1481108122432,2.5,2.5,2.5,9.272862300473003,5.2538762026112975,16.154133943852013,2.5266784532864874,2.5,2.686144960479511,35.61365625118674,7.226254017023892,54.87980628501146,24.183888648596024,12.68689594512645,41.56708756337285,-0.13951462066045367,-0.16192852092056534,-0.12678750376496137,firm
25.896639135081948,7.698093076284619,60.74192066986921,50.67781922482822,4.6186074988889425,93.57751332992986,19.57654525456432,2.5,66.99844814261807,3.0048166590319516,2.5,4.778702090307526,4.010202879284755,2.5413858323767,5.492326028118082,2.5701053344987113,2.5,2.930490058571803,40.63437249938893,9.643622753973045,63.67652315671148,20.02936152674726,10.49831915984427,33.480359188046954,-0.14196900082918276,-0.15467617339222128,-0.12547148438526995,firm
40.61320586630916,5.35308959739947,67.85167524367783,46.68634842734863,2.5,90.86136899973737,49.94779880732435,2.5,125.80821205838464,23.127814035867285,2.5,52.226161882753644,4.26661646583705,2.9197111189288427,7.357326188876729,2.5,2.5,2.5,45.70756492836825,3.3843057127473184,90.17707644089288,5.2896420992769215,2.5038234994620825,8.738160418679783,-0.09352924097171217,-0.2065324107676064,0.0,firm
6.762792030834436,2.5,13.920156891628295,43.247229413984385,2.5,89.56899800033828,9.151424460282467,2.5,42.84186169640672,2.5,2.5,2.5,9.067286469236727,3.790270476939162,14.529614661448816,2.5686338344085997,2.5,2.915297675778578,17.203464139246776,2.7200513068424983,40.04300898585416,28.281702835894144,3.038048148767907,61.00335394808812,-0.18194310443070666,-0.20791621256848236,-0.15487691216739052,firm
22.70643319532519,5.464520837330571,40.69872969061871,13.326949002407654,2.5,23.862850158844427,33.05818234222937,2.5,62.79958326553734,2.8654102340008336,2.5,5.715342991982671,6.404222630082492,4.307547765252104,10.35829794249572,2.639074496718681,2.5,3.206744688124881,39.81877627277923,6.331200429610813,70.95530256696391,19.437812534335862,5.536205375434804,28.06665607198811,-0.15586294481405466,-0.19974973319831124,-0.13334305876490665,firm
3.567029011582903,2.5,6.204549924430356,28.64635443285629,4.742341268149715,54.65996435420058,50.1472226020221,2.5,123.92605456820952,3.7998766115856863,2.5,7.1720376182782255,10.311173669817563,3.727157677482659,20.833333333333332,2.5007938924805893,2.5,2.534137376665336,12.740170793639077,3.8032572306244896,20.90079498441484,44.45510910112114,7.464918876039892,84.22379247192707,-0.1518805973390721,-0.16118974284334026,-0.1432974613893156,firm
49.714634255211365,7.241258961223309,104.89809414482261,26.055721425092905,2.5,57.36337221326253,64.93173161879193,2.5,150.39394952675642,2.6496246882660026,2.5,3.6687374135442625,7.154138280096812,3.7464991228115214,17.108047735231505,2.5137272469909804,2.5,2.6736725433460404,36.40191197536254,3.1096855319110817,73.40941528878088,11.474834628345784,3.6621773210666615,22.11346983230815,-0.13264497340426465,-0.1523663204510095,-0.12305025576865858,firm
67.29186660515546,5.612490541749518,136.12235825183092,39.56890693105789,2.5,67.84234899372974,2.5,2.5,2.5,2.5,2.5,2.5,7.954148052648892,3.3983045472368745,14.995675256467083,2.5407192049282235,2.5,2.7500805129022603,25.06698852184229,2.5011815216637654,47.24248263906711,27.84298418995623,2.5,67.31587175825426,-0.16573361421273072,-0.1859710012196285,-0.13924698201103203,firm
89.41562150122185,4.426514883658626,142.39161670726799,56.05108013043447,2.5,94.37591668045337,61.914510873294034,2.5,124.75714295939451,16.010011105845656,3.1600764857169175,57.8658523908178,6.419906453393295,5.066914847409101,9.661888247423427,2.5241200502382775,2.5,2.7500805129022603,28.58495103048719,4.079049852641597,53.13368536960592,20.421901355295983,5.440082786436438,35.613722020710185,-0.1715618014073277,-0.1928545241596255,-0.1608905512290313,firm
13.308299690499785,2.5,26.26310748873065,30.02563171815525,2.5,69.70044207542013,131.38992688986588,3.789301451204603,192.59844461723335,3.976770743089963,2.5,8.434460603691162,4.5699408607129595,3.066844933846029,6.695130605538462,2.5,2.5,2.5,54.9589495185094,5.762116934465539,97.82792393789977,12.827731533831065,6.56566115793247,20.38329352639235,-0.1477048347885579,-0.16331596716401314,-0.13086450646063935,firm
16.441904237616516,7.488648585768101,46.93037324480455,54.20707620131905,2.5,123.1960876179074,51.49126727949689,2.5,124.64245754466754,2.5,2.5,2.5,7.278817838384312,3.269462894729489,14.703270464195038,2.563170752572267,2.5,3.0295237099365373,23.774548066814937,3.7066151328128796,47.15751527520337,13.600799858936739,4.245188665859027,26.040513423880846,-0.1059082897792092,-0.17867046665988795,0.0,firm
76.07508707301729,3.0057742132838974,139.10926680855806,19.15567881541821,2.5,55.586538729459924,81.72692206948956,2.5,159.16324116807013,12.644893995679901,2.5,27.97644765019331,6.036110342533742,2.74778810563569,13.279489297179346,2.5,2.5,2.5,42.004796312130146,5.200425764236855,88.7490509151819,7.544315830939901,3.3141519885639057,11.18091517012737,-0.13766224553855697,-0.21398047889801733,0.0,firm
9.286880029619928,2.5,16.25862231161724,48.25481935522904,4.405139876145786,87.49311594877332,45.228927667063125,2.5,119.023240038945,9.20018728302386,3.3526937761479627,25.14096350789718,6.122986450659168,3.69939565302192,14.019604045548567,2.527294278583245,2.5,2.7548281325251427,40.49274631984185,6.619414597183002,59.070595475151926,16.057752835370838,7.948539655354521,30.7966384604421,-0.2213417429461701,-0.265351186186354,-0.19059647460025664,medium
17.027850109113018,2.5,31.864260691717476,53.42351987888897,2.5,93.71275801578103,68.52189050755335,2.5,124.94923961709374,2.6189471983722448,2.5,3.750501814804631,8.126169608556554,2.783694593795646,14.81941640726155,2.586192422564611,2.5,3.1217807772978103,33.158496088154926,6.096902529285559,63.19690308697845,14.28491525359824,2.5038234994620825,44.83083532425479,-0.2207252337116412,-0.24009318660191656,-0.20448308180074107,medium
72.4735822200807,9.75474471757657,141.17753391794682,54.71748717672185,2.5,92.24381974861825,95.23406865351517,2.5,164.1658480693711,2.5,2.5,2.5,5.736600105960212,3.25170756199554,8.928459749486052,2.5470618409608665,2.5,2.966571967705711,20.522265019734384,2.911230552343533,38.92464038574979,29.49386172785394,2.5,58.53215358657261,-0.16973870399812593,-0.24950063718028925,0.0,medium
58.312899346072044,9.670267223972866,137.45284192542113,39.18476022032265,2.5,64.17463351435904,81.13959941365275,2.5,160.0666443478049,2.5,2.5,2.5,5.52877312461472,3.4277457019264688,8.934349187785504,2.519511547850548,2.5,2.8374367139633017,21.32431737020651,3.7416861301391973,36.130121600654114,36.313888688945546,5.912958355840682,63.643616046633824,-0.10768433717773691,-0.21652864231343813,0.0,medium
23.94327012685916,2.5,36.89210782509226,36.587158709394245,2.5,72.33222963926572,64.36167690323116,2.5,128.1596392633194,23.908542074853173,2.5,70.13331363752235,5.972326112421459,2.9685235736905997,12.661867970874445,2.5,2.5,2.5,29.472008169091275,3.270824145845715,58.32631933669422,9.468885098604519,2.5,27.575789433597798,-0.18291868338416004,-0.2723612508090763,-0.13392897331400846,medium
27.728718124245116,6.670345071252697,53.3760453226186,40.403414137685495,2.5,88.95130230944721,50.408602292276214,2.5,149.16666666666666,2.5,2.5,2.5,9.318599449477079,3.635576272240746,15.986236312607874,2.527400496970981,2.5,2.8535786206811027,33.63037068995334,2.980120673817471,68.36171366415134,11.779594725337933,2.608449431877445,24.438075094993998,-0.16698331966841026,-0.22783594032676713,0.0,medium
32.28044091828355,2.5,72.27561032796241,39.84635604889911,2.5,87.66901042734513,46.094042354026584,2.5,109.6551193332537,18.557512239145893,2.5,69.6031151544776,6.075107452218221,3.7204254161936148,12.403993547003912,2.5236151754599296,2.5,2.703294534038034,20.54255787050527,2.8694994571757277,44.89321439469954,11.927483678523476,2.5,23.93455480246573,-0.11925213896149889,-0.2080046882171191,0.0,medium
5.862007163001583,2.5,13.580361639762444,12.128315457625444,2.5,35.486994592268935,55.2549530488174,2.5,127.29715391890112,9.272444979751182,2.5,34.88204155440071,8.79318452663966,3.020890102485375,18.586883049589826,2.634440924747002,2.5,3.175928308207485,11.757299244934634,2.9330422980340694,22.695323054066826,19.793444846658186,2.7822900715144923,42.08231753727333,-0.16647455630820718,-0.22498898417189916,0.0,medium
18.915639915520018,5.92568712609814,31.526739145184056,38.97712722782039,2.5,90.51250755144376,84.41985165361487,2.5,186.27693775271504,2.5,2.5,2.5,6.464886426334316,2.672183256810847,13.673246013756248,2.5,2.5,2.5,13.770361994603364,2.672982535836319,34.654404266220034,13.830947223334409,2.5,33.24631470661623,-0.23368106484083476,-0.2685423430842444,-0.20008578687279524,medium
3.948688618167675,2.5,6.749135619442579,55.789556321477946,4.138540981470786,91.26923951491358,78.35268305956424,2.5,155.8971050163401,4.831335975845052,2.5,8.453427791974747,7.437583273956261,3.461449822491622,14.881595594618256,2.5,2.5,2.5,18.74290731811002,4.338484065584534,33.27617239007954,12.672104030496122,6.680594399587466,26.80410476924685,-0.1829701787094499,-0.21367087501596876,-0.14587613694851,medium
19.405270650795945,3.482665166615481,34.63401944075044,47.41823182566018,2.5,90.8139684931712,76.95455136264847,2.5,149.16666666666666,4.963425378264497,2.5,15.167841356524159,7.530891619850918,3.578658464197755,15.99662935136498,2.5480463038686016,2.5,3.0182019803714746,24.373337686429654,2.529422784267473,50.04250292474165,24.61129053225164,2.5,44.34318595079985,-0.20123565235315768,-0.27552388758517643,0.0,medium
76.62808054999515,2.515615471590111,138.10174589081092,44.43204546520333,2.5,91.1332826765215,55.41558746707531,2.5,120.2691927577308,3.4178408750429714,2.5,9.377818572277839,8.518067042106221,3.522996496510451,12.751956846246964,2.503136950924783,2.5,2.562979841286487,22.48898829914625,2.8950851310756365,47.184313081332895,22.4602473360105,2.5,49.64204408524,-0.1596776699114165,-0.2770588784904886,0.0,medium
16.969280894221278,2.5,35.70993147119493,55.88920626787271,2.5,94.95738192890808,136.0676289700642,2.5,192.8896972647369,40.548587117603354,2.5,63.210225210313276,7.264961293441368,2.8078972804694717,17.421893238388893,2.5006268131966016,2.5,2.5294602202402845,13.479500259259558,4.305755410535174,21.232830667597106,21.11895558782997,3.4389634347359777,44.1469232631773,-0.17939868552140228,-0.23890234577079864,-0.13746421013901655,medium
10.233033360322468,2.797828080444109,20.082075917654407,31.847037976082905,2.5,59.617270939570915,43.71971165034076,2.5,106.91712449514152,2.5,2.5,2.5,7.6448768862660526,3.8353088978497127,14.760918034511029,2.6289721921807128,2.5,3.301292004338502,23.348286490991466,2.503534960214074,48.37015893854502,20.712702935334047,5.951426419820682,58.29821713511923,-0.172239822612747,-0.22122677815371788,-0.15048108048237044,medium
27.95390276534253,3.013200860885318,93.54139896022205,40.0157200733252,4.497891626439411,65.60836086884382,103.11018459612686,2.5,187.54293615759158,4.133218808421254,2.5,7.779646228536403,8.760075189182055,3.1763937285752726,19.022725008896288,2.573182415261243,2.5,3.1007089328217052,24.944687416060216,3.4959631348157334,41.36618021814285,12.468465991736327,2.8170838888845506,29.052274224815093,-0.10998032420778407,-0.2612145937206765,0.0,medium
47.667004836025626,3.451332486703651,138.10088261163983,11.757245321743712,2.5,53.42712463367955,77.41469371326994,2.5,159.53729159686895,4.395250926035945,2.5,8.643362991366333,8.145532608009615,4.021306082391868,14.892822823692091,2.5809156805069216,2.5,3.0918130581098295,13.640940753718581,2.9790152702824026,29.20385527774469,18.09918969372684,2.5,39.48898311515092,-0.16464802571843754,-0.24038777207845802,-0.13017379603228424,medium
23.56220575363893,4.772907897138761,43.81559198672528,22.749301167748776,4.107022192392175,50.25966583551645,12.994274282415274,2.5,58.71327215975115,2.5,2.5,2.5,7.272884214900432,5.419979173987411,9.316380500444852,2.5,2.5,2.5,29.016382242286486,3.5711429986330403,58.71174906041329,11.110417167698143,2.6186213975289387,25.403692768235924,-0.189954215836028,-0.28374175951413094,-0.13058662471323007,medium
7.38302081842679,3.4722209399782042,13.480038532230765,37.952679492078154,2.5,79.369816072753,67.54733758865734,2.5,130.98595885023494,5.066113358098672,2.5,8.96630282471225,7.439207265685821,3.062816234808557,14.695104061416018,2.5177560010111706,2.5,2.6307986094497346,15.289957328252134,2.8453487522864416,31.060681644050955,19.919132038240026,6.625303114446462,37.9854244132007,-0.1928697776568427,-0.25780867683130604,-0.16700657828435278,medium
13.109481215271611,2.5,21.17980260256232,67.00110015591294,2.5,126.09932466125342,58.79809226625917,2.5,126.15266080020338,2.5,2.5,2.5,5.122100999958805,2.5,7.835787641043292,2.5039139155387606,2.5,2.5887042016242705,25.56949121170108,3.0194260780486233,52.353127144251864,14.9017169985305,2.5,36.725596745019786,-0.17075471804396156,-0.19589861895278837,-0.14827550148646984,medium
5.663716625910093,3.0726140416966863,9.702623641903832,32.76267070680045,4.205155635749293,64.41140294001632,46.929736790838625,2.5,118.81938346399879,4.7032937428853305,2.5,9.511002986771095,5.510496879567352,3.07880902762288,10.014411411628751,2.5,2.5,2.5,23.635151029799236,4.512858863730113,43.08434256591168,9.666791504455718,4.945883171508236,19.27250348657406,-0.16590285348205927,-0.24664349772474983,0.0,medium
10.301130703113602,2.5,26.355180283973596,56.86627438325909,2.5,93.94053853931985,82.96872421733714,2.5,161.0419278745346,4.030846645563688,2.5,10.607905962272392,5.5101974475519855,3.541509070819741,8.698098301625457,2.5,2.5,2.5,34.60049965770003,4.799215206725465,58.624494144746414,9.557929958626863,3.0182141649434993,24.922817565821923,-0.17149343328876235,-0.2679152585455757,0.0,medium
35.66265346709088,5.946333832511454,81.903559508988,19.049747352526964,4.974719322615065,45.955956454202436,89.05073100591136,2.5,174.52518846577473,2.5,2.5,2.5,7.908570461610643,4.368611672593524,15.101600195175275,2.5733734406150375,2.5,3.063954921659845,47.100136978680915,5.225145525824084,88.78884285461162,8.755498778260737,3.6987384366167606,20.107339912558025,-0.14993779221649983,-0.26162368616005766,0.0,medium
11.550081289235974,2.5,25.42001847472248,40.02415240784082,2.5,95.07292830183611,72.77995829811042,2.5,157.5754147630844,2.5021704113375107,2.5,2.599838921525503,9.320287252949424,4.470785406970141,16.68426292823294,2.634679864038838,2.5,3.1850097789344276,27.888996628833727,3.3461853730366022,55.66094237949575,19.21068102419134,6.007023944610036,41.06368251859891,-0.17752681840235893,-0.21986965815330653,-0.1485292351620621,medium
9.070124118440289,3.2582802317322113,20.04513142414459,39.10622863962219,2.5,87.29757244005718,17.30313895925747,2.5,84.352875290174,2.6665031503552177,2.5,3.706776699440537,7.849065977103967,3.3617376140401407,15.196655513683837,2.5482845234024825,2.5,2.8258436955716153,24.479386272935166,2.6070862564276687,51.211965935219716,20.95306384030061,2.5,44.53507587251253,-0.17395265656942618,-0.24621660075379379,-0.148716787258962,medium
3.979405861175741,2.5,7.7413109674208895,35.47408045327843,2.5,88.71701378407955,73.67513870610041,2.5,192.25307981957044,2.5,2.5,2.5,9.055425823830314,3.1404694281950483,18.721276012054958,2.6940166537958334,2.5,3.6947145585338816,22.839694585692893,4.173182351620823,44.88293477691494,17.18693962437374,4.279050510043353,44.92149380923373,-0.19053406139773524,-0.25766637331995956,-0.13163256339890442,medium
9.463591738324151,2.5,15.041537506582332,62.12895841764703,2.5,92.8145129461386,34.26073892761169,2.5,112.78690122325158,2.620590522110921,2.5,4.154193204910449,5.411560160843904,3.6634864001914056,7.9843689281798715,2.5026536051408983,2.5,2.563759367357329,16.42624816029482,3.7998570887199294,32.15330709334084,10.208244257704724,3.3639718660315183,23.12965212679651,-0.19616539113726325,-0.2465421586554265,-0.15283007001240823,medium
29.144161013281003,2.5,85.99207883316019,26.292633170776032,2.5,59.360337424095654,77.90032711951399,2.5,165.18139601141817,3.807470477150384,2.5,10.863697875717437,9.513174674502292,3.2613720690183414,21.31128018656932,2.51839581388985,2.5,2.7243417379507653,40.21346538355279,3.371646760550251,76.26550544475387,7.733135066916954,3.1937362113986043,20.050072445648958,-0.16894499136917107,-0.23398240548303653,0.0,medium
24.69463508082141,3.0800406892981074,52.56977753166731,60.10382813106464,3.733299407602925,91.86832212184909,47.31370839603458,2.5,98.78267703061361,3.404855879063267,2.5,6.232445707434493,5.95981373808086,2.5660069912426287,13.23131099514366,2.5,2.5,2.5,17.355071435616992,2.776533832049913,29.248800841867236,25.097000208592036,3.0124675256604405,57.78728750913561,-0.19578541688269152,-0.27254044684657086,-0.15562155383355847,medium
18.93862476626023,3.1691604605151595,58.14332490297869,55.3415169213862,2.5,91.03257390734221,85.42859016438999,2.5,149.16666666666666,4.288850404004784,2.5,15.952686311158283,4.822450229401768,2.5,8.290384604122476,2.630584566219116,2.5,2.977016730876053,42.33466829914604,4.027599107099405,69.45488465684983,7.077787737711019,3.3889539428129303,9.995208004326992,-0.11264792853421324,-0.23080056548704275,0.0,medium
25.94561523974804,5.0479140038892725,70.52134479421274,40.048235134559995,2.5,91.18363706111116,62.70968557498367,2.5,129.5733290578856,2.5133040055743234,2.5,2.6937165674170376,8.04007118538075,2.649032041010258,16.86965171750195,2.69841611317298,2.5,3.457324627044861,19.908780831865528,2.6318021635945232,44.04434872785796,11.900386491486865,2.883544327930116,26.418945998921853,-0.16942610592702542,-0.23422460322404498,-0.13737680734862,medium
20.456215170070227,2.5,51.58618297525779,40.134407724158066,2.5,82.86886717869554,51.50399130178407,2.5,127.32184283010184,2.5,2.5,2.5,3.10774437957057,2.5,4.364330610122728,2.5,2.5,2.5,23.280306073289154,3.0474027911175456,38.93306607087607,25.363584119796823,2.761028916649849,63.59623319317896,-0.17123714619995914,-0.21461535401555534,-0.1428228006080166,soft
13.579118065040193,2.5,50.102890475825824,45.09661914671158,2.5,98.43122088512132,98.05395996126673,2.5,158.84727244478154,12.320610951084573,2.5,43.333333333333336,2.8518965699082375,2.5,3.6104540442648347,2.5,2.5,2.5,30.221386140128995,3.669911056743385,60.45919100478478,18.714590927160515,2.5,46.596975858472774,-0.15413313603962378,-0.24635956200180298,-0.12141879657381965,soft
75.02993390453648,12.477863520595875,139.0965210801882,42.518800814540256,2.5,87.51938478633633,66.58119722667094,2.5,118.15169048243786,2.5,2.5,2.5,4.389019004637643,2.9985685388706593,6.008893312561988,2.534095633090313,2.5,2.7966071852065104,21.13885842787694,5.511740122159141,37.971788671287975,14.70903418083459,4.840903297732988,27.353624927246365,-0.1760331376443452,-0.23634883824710667,-0.14607191759676463,soft
65.29519104825897,3.8125243567910925,137.3422274228653,41.51726439075324,2.5,88.4081789097313,73.38742098455926,2.5,122.0670847567099,2.5015684697358616,2.5,2.5846973657365457,5.4858246334780665,2.618695965133624,11.41194591060166,2.5324925163095258,2.5,2.7243417379507653,19.692867404741506,2.944821509864831,37.750695129156945,8.379077352605682,3.1980307343484418,15.629650856572121,-0.18056805274020035,-0.2647919491316793,-0.12406790355332695,soft
61.487574458533715,6.880275092949797,130.226634743893,40.69313466430592,2.5,75.08872873741625,89.25405426098048,2.5,150.5379132719179,2.5,2.5,2.5,7.346482566277607,3.252006092720149,13.525663962240822,2.5807444579612184,2.5,3.1477197327310913,21.576896744569886,3.174084668982901,45.675025148575905,16.388242660388386,3.8695802363021516,39.930550038819845,-0.08548511553075853,-0.2643678455474786,0.0,soft
27.593281115853088,7.8515320005905265,66.57518468113649,39.64801340521144,2.5,87.9821803736426,32.481926527286866,2.5,87.73672054226684,2.5,2.5,2.5,3.410437314078378,2.5,4.67429726121372,2.521994649759333,2.5,2.707971690463085,19.398325005522246,2.6788709346007025,36.6386770575153,15.318357005155553,3.393427228264005,31.356567942076936,-0.1303264851526835,-0.20409989455207025,0.0,soft
25.78659167248574,3.785547739096502,59.19127016062524,40.26596462714449,6.336391703395763,70.88360128159064,119.7172437493656,2.5,222.5,4.2405072545379,2.5,14.579235227887898,5.017660941199199,3.347723121874155,6.701264587248853,2.51179173196169,2.5,2.6650977565667793,27.497926987679957,2.907154473980671,64.42493262676571,17.17157422063462,2.561949017470617,27.98183193134235,-0.16212166632198602,-0.20506542030601405,-0.1289186060226413,soft
5.570675051895137,2.5,11.558234340796426,37.89640841378189,2.890815785481861,69.25707480937832,121.33806163725284,2.5,193.6711753500771,2.5,2.5,2.5,4.381424374615912,2.7120991461222075,7.865798488732467,2.5,2.5,2.5,19.395108113683452,2.848457275960766,34.848461958315674,24.427176230993695,7.264459987478522,53.21529520461921,-0.1741659578411956,-0.2404686450769205,-0.13251286378082733,soft
23.865087964520793,2.5,45.4706092621025,41.76468580768824,2.5,71.12134098041784,74.6183570602711,2.5,149.16666666666666,6.198546473216586,2.5,18.543052321969316,6.500870598928408,2.9803209009342173,12.466930921033113,2.5440512056176026,2.5,2.760525276072602,31.542931709184558,2.897740719779435,63.89674626577782,12.33549426111316,3.891813926512219,30.87227316753166,-0.15849294771949118,-0.2638584772978469,0.0,soft
18.99397276864843,2.8943744992625824,70.48227080307343,32.97294949261681,2.7584308300366955,73.91691114693178,71.89706094489478,2.5,138.95219962255257,3.3708532494274257,2.5,8.690150883173606,3.1636633725051766,2.5,4.377742690247968,2.5,2.5,2.5,18.482385340672828,3.6205300678431658,37.147601742114084,23.752108563886235,7.102900204492349,57.30397347786854,-0.19023625712991038,-0.2695278203989657,-0.1366273502593245,soft
20.555008258570535,2.5,32.63444367988536,31.853618884823927,2.5,65.04990330450215,70.61792000825311,2.5,149.16666666666666,2.5902827619492133,2.5,6.066948885715152,4.134340430752355,2.564537048177289,5.824651621090685,2.6093372598505726,2.5,2.8944081494378944,19.270327508488894,3.5797392563863903,35.35892485581108,18.326044402365838,5.674391034772094,45.71409526196882,-0.19872378787757677,-0.23683265202946818,-0.13777745291656757,soft
27.844018102640337,6.14540915744669,73.57581741929583,42.85756605963039,4.46167686470455,72.20339709864315,60.96396948712351,2.5,149.16666666666666,2.5140902112063594,2.5,2.9692928827760574,4.050902736066508,2.5,6.686276019827239,2.5148016382997636,2.5,2.741491311509288,25.40272877081152,2.8012497392167677,47.856700202669145,20.84858800257696,2.747414760709371,37.331791751380415,-0.17765076020674905,-0.24426251456467973,-0.14056844993625134,soft
42.09608921271399,2.5,104.33210358401466,48.0092584680767,2.5,94.10425579061337,78.17361775524378,2.5,163.01094096520697,2.575097166558267,2.5,3.8080397268026687,3.296200330055633,2.5,4.24835112419817,2.5,2.5,2.5,16.78975070707333,3.1013179567697704,28.888826311930213,17.457920650710754,4.1768758065622755,37.9668461602757,-0.1621442984026797,-0.32447523861742644,0.0,soft
39.892297764637526,2.5,98.43089805482713,16.28335345600701,2.5,52.733542849054224,87.82530975825823,2.5,158.99822393099547,7.310181607687684,2.5,18.118469073393655,4.555735565795577,2.5,5.839961191747108,2.5,2.5,2.5,18.506263817180166,3.6966098309206687,31.122388983755638,11.591161549340773,4.513665249699418,19.06051053188383,-0.17569989444745374,-0.2321417357627971,-0.1470060412754508,soft
21.295865343059035,2.5,31.37394764649655,52.57461208361701,4.247406191106629,90.52998354806563,86.27494390805565,2.5,158.1133222225667,5.01792959764736,2.5,24.821752199341315,3.6421248985973924,2.849043670491675,4.9352749550150765,2.5841533945996704,2.5,2.8839633862675518,23.766138139707692,3.3767174265814974,46.98544654322269,18.288753667179325,5.591765517800392,37.69316214394255,-0.17694518258568517,-0.25499189645266285,-0.1412884503863142,soft
21.86243441673828,2.5,57.57602539033173,18.186672619688437,2.5,89.39378525881035,80.06005970247602,2.5,169.90974148148223,2.6295679138683403,2.5,3.7890973797090317,3.629694863072515,2.5,4.980183962503826,2.509109607269951,2.5,2.678349699771092,17.101358617805406,2.888868083726987,36.614340066233574,18.548973418922493,2.697090846840461,45.99965291626416,-0.24376737086713138,-0.25529924915625196,-0.21826609484867182,soft
49.048249035248816,2.5,114.19199046701345,46.15994657013743,2.5,91.1332826765215,118.97890583038713,2.5,188.8980729138922,14.908732792992845,2.5,87.1394927722892,6.291329585641194,3.3113972947752934,12.144637071413086,2.545395827672941,2.5,2.794036373344445,23.602233725981627,4.579607813936207,39.09860129731805,7.03713984107118,5.071197543827395,9.864254419358454,-0.24485647399459715,-0.27297810199678135,-0.2044846432185965,soft
33.327061614300916,2.5,53.87608742515456,12.16309995815526,2.5,27.951818860381007,83.50415285302823,2.5,149.16666666666666,2.856323827520539,2.5,4.897340783734247,3.189209989031679,2.502268260851567,4.2008569276772425,2.5,2.5,2.5,19.292300087937434,3.2073339500087332,34.53183063758249,22.423122627059325,4.634790859611459,45.33983325926338,-0.16687308362259037,-0.21883752874512247,-0.13510475835768146,soft
17.2600053634705,2.5,30.24095603400895,41.09964426060931,2.5,71.0148072968912,93.58310539886075,2.5,147.21453527871827,2.5,2.5,2.5,4.261879972170867,2.712981505216444,6.300376566206794,2.5009228584111027,2.5,2.516987803106814,17.029723446349003,3.121476808791408,28.87230220944248,26.734652655193223,6.849779918685646,48.67803362962027,0.0,0.0,0.0,soft
26.001671936596495,2.5,60.7106885671158,61.95727726658228,2.5,93.52768634040574,86.13339822276997,2.5,154.50132188188664,2.9250282253487265,2.5,7.080419012875993,6.024077600076028,3.324094858700134,14.828093705148953,2.5147091954642735,2.5,2.6650977565667793,30.064847208650054,3.2930773724786566,60.20843553194412,14.064173800621852,2.5,28.609984543633402,-0.16845831820916815,-0.2402408921514409,-0.1206431901775157,soft
9.833147002924314,2.5,23.07797289758267,53.264527670120735,2.5,96.49862540852558,135.7935251224984,2.5,222.5,36.56274163693262,2.5,84.62384630481155,3.359923947549387,2.5,4.382958074317144,2.505313853491312,2.5,2.5777908366324835,20.47325879633782,3.5458008156349874,40.914168587659795,26.417827310776136,3.2284976793957494,51.592118696491326,-0.17157505532148584,-0.2232434888672343,-0.13033869470493378,soft
20.268661671713243,2.5,51.04651082221776,30.88881267329201,2.5,63.698169642526985,82.54396275015777,2.5,149.16666666666666,3.6642367016699717,2.5,7.415438652000333,3.3476979049659823,2.5,4.863169889501087,2.5368142876610245,2.5,2.908651008306542,23.07128960223072,3.3762285448870957,49.76434492126721,23.766523288093904,2.6796531914379003,59.83739156977271,-0.19157231686940115,-0.2783024593247848,-0.1447319944768393,soft
12.174815546129064,2.5,23.811084459000284,48.432525013046735,2.5,91.20881425340599,77.81813160597066,2.5,126.58814431631625,2.5,2.5,2.5,8.031123700883533,4.9127006988541195,13.743809083012104,2.5870208277066093,2.5,2.9007230486044864,26.046540380366512,2.778887270600222,49.18003682173781,37.21222022385627,7.168390993313772,61.124879772903874,-0.05524296504621706,-0.23745191983105718,0.0,soft
14.794429637357219,2.5,23.94162886155785,20.482392939834963,2.5,60.7836415946237,91.4596558123183,2.5,196.56281832034315,2.5,2.5,2.5,3.1391734354393983,2.5,4.5139871786167864,2.5,2.5,2.5,24.033084336211406,2.9259819823831426,45.39247264924829,30.11628740160554,3.069451508638503,74.43307637308493,-0.18695197090780052,-0.2742550447864701,0.0,soft
53.23793790542305,7.876605400615585,141.47073107403722,52.93909803408863,2.5,91.54115319169769,81.04579495615482,2.5,166.98461420828158,2.5076150080737194,2.5,2.7754809686774062,4.3588439409500905,2.803162242666307,7.258546456770993,2.7118368803772834,2.5,3.8750162930410967,24.31659270594944,2.687103167138173,50.88512758782433,21.904920879233693,2.5,47.82346048136432,-0.17544196224614725,-0.21696203394391034,-0.1590040793436927,soft
30.920959457486372,2.5,65.64184238269634,14.101061765872714,2.5,23.27124214059614,109.52691131006321,2.5,166.71920738302703,2.5,2.5,2.5,3.2385851095887888,2.5,4.242643135748483,2.5067030728037913,2.5,2.584806571270061,19.86607015896326,3.205145821597367,33.03029255029046,53.906226166655536,9.978270979329585,83.38152132628586,-0.1287591411598058,-0.24975931910897992,0.0,soft
18.966970041358625,2.5,42.303708699187155,24.200000322603337,2.5,55.53871839406086,85.76812812170988,2.5,149.8728548201043,29.775377586801582,2.5,72.928353484487,5.383625850940795,4.06822995264321,10.476087272179269,2.7264597595252034,2.5,3.52675723657495,23.840557035057564,3.439379398518857,51.17875794711419,14.27957159003244,2.9762391508094574,34.43425774977516,-0.17637027220603965,-0.25680752151983,0.0,soft
17.713352435417836,7.7645794090929,34.53608332326853,20.310895852676097,2.5,49.10969874627316,115.07421684264169,2.5,188.59683183109382,2.5,2.5,2.5,4.57706404249189,3.3559186898623756,6.111682458139893,2.543180663412616,2.5,2.729018894375817,23.95076308448749,3.6005033715766435,44.38606421999268,34.3848414770194,4.476705370483048,59.34134968411966,-0.17476023402409827,-0.2622124194333733,0.0,soft
22.03308102133835,2.5,64.97262175896115,6.39960781632114,2.5,13.307664941163033,77.50903342761355,5.23767783352065,124.98882747165798,29.86746614453835,2.5,100.68833922216635,7.109818107456018,2.6800397421660045,13.813941770277737,2.5120877481082036,2.5,2.6908221169045627,37.61032279630195,4.5664438332106085,68.25847314416104,28.183017804672392,9.611342389952728,60.9104533912295,-0.17813325033044752,-0.21676255609407558,-0.15110934641021415,soft
9.982805533371366,2.5,19.891244597706677,14.766579207629938,2.5,56.31060116630448,35.56492053833578,2.5,118.99367045245704,14.022093601660048,2.5,46.419762811349216,2.924229542561758,2.5,3.7600311142519005,2.5017871986072078,2.5,2.563759367357329,17.74417498300658,3.6815070040534303,30.15611238183305,35.09421573049416,5.043304222123994,58.29720445603985,-0.1276797745198087,-0.21507601577868662,0.0,soft
58.02135335494125,2.5,138.2445017855844,34.1568285262198,2.5,60.55745507802617,88.70044620869022,2.5,155.40312700077175,2.5,2.5,2.5,6.241642717241363,3.5255942454536506,13.67389360402086,2.555353636991744,2.5,2.843133857510761,23.21636717617932,3.317945561873254,46.733474636163464,13.329220405729767,2.5,40.045060519193754,-0.1649832115239453,-0.23895579255983457,0.0,soft
10.482055282493361,2.5,15.651785012298022,53.804373872416264,2.5,92.23040911909078,124.23394648540115,2.5370231537467616,189.40899686794796,2.5,2.5,2.5,6.836799612624938,3.4675778523888616,14.995210109342233,2.6143145205492537,2.5,3.170325988785507,21.389226457218946,3.762995319414462,39.65960196805319,32.99134311274655,4.711909518095868,64.76841446240176,-0.1711712077232891,-0.2894213157584606,0.0,soft
10.473004926879923,2.5,23.654004683240895,47.49517778383628,2.5,100.09485102995903,88.40414408491547,2.5,156.038105933751,2.559661391791397,2.5,3.2418408869772857,7.139784903891633,2.5,13.830008467709002,2.546658952897396,2.5,3.0034773838447775,25.87496142703442,4.788995214748395,51.30464225718561,12.378488003142412,3.073805325503716,28.44099322480585,-0.1904962514228626,-0.2851767408832209,-0.13106343306214852,soft
28.913178340828352,2.5,49.82809249117505,41.53636275095035,2.5,92.47476382538593,35.602503744839055,2.5,91.20814522169904,2.5,2.5,2.5,3.605211044494372,2.564537048177289,5.033414240172721,2.5818866442649964,2.5,2.9409348217421445,30.059708853621853,3.0807773673616206,47.73440674186797,16.403559712806008,2.775024381763425,38.42965964130619,-0.16915694981177679,-0.23999858842847835,-0.13633872676300168,soft
22.735398587287367,3.4892684837635315,33.748397261878594,65.90249946381404,2.5,148.41107956716772,63.492867402783695,2.5,103.00959850038738,5.844988343116271,2.5,11.916943029365974,2.64346469035051,2.5,3.060855478176016,2.865788136212501,2.5,4.062482705726124,14.70640936243189,2.6176815322926696,28.173444851609975,48.08765128266658,3.2099602636602294,84.02987689637845,-0.15985439250040973,-0.20791657411793618,-0.12517689798849832,xsoft
16.382826794128377,2.5,25.84835298343499,52.393500080428005,2.5,114.1800195456354,73.89692723730154,2.5,131.92649536052943,41.11999473488013,3.1328216852967947,71.88177191100995,2.73174581173087,2.5,3.3912923686888603,2.586845170968327,2.5,2.7692307091561803,12.914517426416738,4.222256548611713,25.66878618240901,26.01960370784241,3.8866587872335407,42.99328929995,-0.13921484972188877,-0.23196876811710365,0.0,xsoft
8.974023859018564,2.5,17.193396777132776,52.146581228646426,2.5,130.84548483248383,87.63301118622115,2.5,160.2165479523424,34.00348596296094,2.5,85.89811781801855,2.6520097818170867,2.5,3.4046609187049177,2.5935468771409895,2.5,3.030849001222681,12.62136370941445,2.890680404128508,28.39182342920194,35.62595198196978,5.467397726873397,67.387880476063,-0.16900159562333786,-0.24036803346134689,-0.12269847580258916,xsoft
20.349296008101163,2.5,54.057328530584634,72.62818238122878,7.3982300793224285,124.15460098237831,100.15244066836657,2.5,149.16666666666666,30.967843908192947,2.5,84.80251666312125,3.9995129496848105,2.5,8.647392351085182,2.729753510485034,2.5,3.3657277367664875,15.08581384454347,3.4734729566789495,29.691106239237868,27.96078090428758,3.3390899305380017,59.57497505439611,-0.19148428226047454,-0.2966941554664998,-0.13674730210341435,xsoft
15.00894176389118,2.5,26.729426537999263,52.085538211096654,2.5,93.26260974355586,74.0904470422088,2.5,187.7005486228555,2.5,2.5,2.5,2.8810217593807965,2.5,4.059965617194344,2.872428115165839,2.5,3.9400714860776285,12.046875486621731,4.3915256612475435,22.632580001259846,28.79748919185522,4.635929535201683,64.84092785522597,-0.1678548140275065,-0.21981039902898197,-0.13729183885611115,xsoft
13.820223368594542,2.5,27.685738055624768,41.956303625578826,2.5,114.79405706516108,39.62448514869713,2.5,98.25277297811589,2.5,2.5,2.5,3.4270735095541087,2.5,4.26075276231139,2.516713093513413,2.5,2.6947197472587723,14.270587167573812,3.4404366337963626,32.22116535607388,28.209981398449617,2.5,65.18080800519812,-0.14940486232508848,-0.2331053212217446,0.0,xsoft
14.437235133158643,2.5,21.08197839713801,87.06790969976825,2.5,157.8672679310413,40.8994125423605,2.5,87.8459516173268,21.316707904325714,2.5,57.045806809070406,4.188010413920328,2.5,12.158248839690694,2.6761023613873447,2.5,3.0246281790913394,21.78662695347263,5.768220289682135,35.93399725082802,32.45750033377401,4.331676479970931,71.4858081241564,-0.14482606370278275,-0.2168453027077235,0.0,xsoft
12.071197825913927,2.5,16.61319179802003,81.89576713970465,5.471700230401379,136.03650692237014,97.53405241024684,2.5,135.09516701549063,22.38325124918302,3.6864141788711335,59.68548170590309,4.086640240446078,2.5,12.08637778559551,2.505706721505094,2.5,2.623003348741315,22.1374546456688,3.3203811737117164,41.28014922961108,36.946672748248105,8.773964601979358,65.85247000488728,-0.13803420473598668,-0.2416556628081355,0.0,xsoft
9.258917787114816,2.5,17.582965331217235,53.412877371102546,2.5,122.493790569444,31.84595602957631,2.5,96.35398355330953,2.514881250969007,2.5,2.705829812048203,2.7796957578956167,2.5,3.5901012746892214,2.500353912564725,2.5,2.516987803106814,13.778546651193077,4.249791393493159,28.949390152087236,35.93526009501759,4.760583465556083,75.45019970486804,-0.1718084300155863,-0.24696293394932903,-0.13648406239356403,xsoft
12.770072197125234,2.5,28.438875034359498,74.68603753992892,2.5,154.67329934919036,92.35214879559639,2.5,150.5379132719179,16.065007733964453,2.5,58.22190605220076,3.4565269807988876,2.5,6.879397801855636,2.6049926578517475,2.5,3.139091306308026,13.193699833627,2.7306465827074993,21.716366345079045,41.150171040004714,2.544511362068057,73.98794246745521,-0.1330028834864113,-0.27063779168244506,0.0,xsoft
13.765692210837235,2.5,28.469843188993337,44.56844887171051,2.5,93.44952630045526,79.95490245653417,2.5,149.16666666666666,9.3234189888951,2.5,61.02712109321192,4.10330356671552,2.5,13.676271768645961,2.6406149763152507,2.5,3.57687776876111,18.441964448614495,4.074557011899617,36.843901221763076,22.80196474133487,6.5543353942745135,53.54741881266804,-0.1598111806260527,-0.2128613803187026,-0.12993031190071502,xsoft
14.902331228315207,3.0057742132838974,23.760613999533756,68.7236039070049,2.5,148.2907406330817,79.7802711152531,2.5,134.90207383330235,4.305972738324984,2.5,12.141113875493899,3.823273685604177,2.5,7.103527974360003,2.5140896049010792,2.5,2.630636838998026,19.145494699546493,4.156455917178546,33.58800074246061,32.18020627579243,6.431296504759256,54.44123874134113,-0.13601717497741905,-0.21468339117238983,0.0,xsoft
29.492927324187978,2.5,72.69513226267644,71.62081628091919,2.5,129.38277092856285,72.55893873052865,2.5,123.72206910941775,6.172064856049737,2.5,19.154487013157485,2.6763749330895115,2.5,3.401598248158825,3.384528954527805,2.5,4.9602381552883825,17.74362003083886,2.5,31.861115663048235,53.448347638567526,2.6108197933893145,92.36395770104693,-0.15587344518256643,-0.22989102694112068,0.0,xsoft
15.208279873330325,2.5,49.0304238863966,47.095742661278635,2.5,131.60209781432036,62.04813907201901,2.5,126.79172569124164,35.90674155344844,2.5,47.770983214114516,2.7294700755792975,2.5,3.3267509870965966,2.601972886448584,2.5,2.9931586375938544,12.884335075457603,3.0810419168964054,23.050137071619137,24.009733548636543,3.8212674550426877,61.93588515054834,-0.1752780778358932,-0.2815386580522808,-0.12572461715524888,xsoft
10.285881778398279,2.5,17.972111022610477,55.10105817274488,2.5,109.20848535581972,87.22866479917839,2.5,137.78884346605432,16.804847878654883,2.5,56.189068359002924,2.9341266420498493,2.5,3.792847006071575,2.5569363166590544,2.5,2.8326890943404193,15.938318004445511,3.6401757975574975,28.12225932913155,28.655321954045192,3.1515462589352436,51.928918003798806,-0.11651634880240155,-0.2621485631333469,0.0,xsoft
16.174202076693497,2.5,26.776107973586676,56.58746887239247,3.544186673131256,107.40315449384963,99.87923609395115,2.5,159.32391534687528,16.22885672230553,2.5,47.747649632896334,3.883293631738579,2.5,11.0803368055579,2.5396142530847112,2.5,2.843133857510761,17.376759208491766,3.05051131479187,35.20291622115958,24.441015025865443,3.5197954932923032,41.73781693023354,-0.12654584309436923,-0.2250345295328035,0.0,xsoft
12.178757798925815,2.5,25.336158725902788,77.8014448397468,2.5,158.88604015612935,82.03168562759899,2.5,152.58288450769436,5.216158533034116,2.5,27.557142382954087,4.145685977399329,2.5,12.900594234430235,2.7939277706643004,2.5,3.9829309666011126,15.943657999025422,6.162702158998082,25.434891442143712,27.376638924250603,3.053193343388534,74.70467139928326,-0.12525290844025264,-0.132218386882849,-0.11879993740765851,xsoft
10.554720822711463,2.5,19.328891984305816,75.87284389593485,2.5,155.8153828100471,23.85969658533062,2.5,87.56559293861962,2.5,2.5,2.5,4.517542639476581,2.559620448952811,12.08637778559551,2.526845668700299,2.5,2.903791871761108,15.892844235374119,4.331020508375142,30.370283359034765,20.97162425194235,3.8317452255980604,40.299386893194054,-0.16016972926059772,-0.2496978348334371,0.0,xsoft
23.279137931537623,2.5,41.89599070718316,66.7079596866065,2.5,146.2964591440951,29.48313036974283,2.5,91.03524087589825,11.826277239845751,2.5,55.56249603062216,2.753904380800963,2.5,4.84084169218854,2.720923078961999,2.5,3.472381247688797,17.77503629951605,2.9577582052009244,35.41013636756153,27.960106398436015,3.411915671791382,55.24349420970807,-0.15553006421555626,-0.21239137450836632,0.0,xsoft
6.080436192631611,2.5,11.630356001809416,62.442266959292674,2.5,154.23338132883518,54.978332838524,2.5,123.49773554765814,2.5,2.5,2.5,3.2232496170985536,2.5,5.461073413571892,2.53760381485145,2.5,2.7966071852065104,17.230018279506186,4.405757243917821,38.49821275742662,26.708790412562127,2.5,60.58621212199642,-0.1694729949142633,-0.2290034955781871,-0.1267358813329257,xsoft
11.353965984011717,2.5,22.359119188941065,35.44247369732217,2.5,109.59412858902895,41.485197898760404,2.5,126.23617163421095,2.8803237093052325,2.5,5.6281963979533245,2.883022674080807,2.5,3.8636522036016987,2.5019833954808,2.5,2.5505074241530163,9.497209218409802,2.9965851388924114,20.401983988432264,32.38575086801673,2.5,88.09674034561812,-0.18042958272619408,-0.2704437625049376,-0.1331233758435092,xsoft
16.08958550265158,2.5,32.29432892723142,58.414966135314934,2.5,152.16507678443656,72.06604417088032,2.5,158.81496124867377,2.5,2.5,2.5,2.6633425948324976,2.5,3.152382391863199,2.5132038816810334,2.5,2.699396903683824,15.614849333518434,3.3550177467893585,30.40481979219787,27.23191796908115,2.6544139318957156,52.65123861403486,-0.16658503715742976,-0.21392938171977452,-0.13164864231612544,xsoft
7.104207094316455,2.5,12.938149288229894,67.48750735957786,3.239696896658904,151.7613148100959,49.131489653853954,2.5,122.85122708929379,2.5,2.5,2.5,3.1123136700902916,2.66407338644146,4.419386979737739,2.5121273932974897,2.5,2.6947197472587723,10.34673604423,4.125624951464895,17.915451246216904,34.64614048521607,3.711525896425365,76.92709196819166,-0.18117530157587822,-0.2501148038821746,-0.15191484455241883,xsoft
15.996385139655363,2.5,28.64260157012441,54.43602552494662,2.5,124.1329224260748,95.31343405257925,2.5,164.1818075250828,3.7809917002752917,2.5,11.351416631893619,3.876865778088635,2.5,12.08464595296671,2.648620919898978,2.5,3.882278872437623,16.221017591999484,4.90688525994617,32.573433304511255,20.798958520980943,3.0979170287132667,49.33703158269521,-0.15656656400133476,-0.24128308509264546,0.0,xsoft
18.230811550141915,3.8501267947510684,27.7584635638639,51.61167419833265,3.8503691956091957,97.01457568009808,49.109134942362545,2.5,99.0300686237433,3.4247594909949304,2.5,7.129639843137251,3.714267806253658,2.5,12.01333715985703,2.530033862198085,2.5,2.760525276072602,14.36870180754768,5.019232302087562,25.212114605501732,19.732052920341864,6.167868407583458,39.028243267023825,-0.11886912544299634,-0.1845934346407138,0.0,xsoft
6.682192903470475,2.5,16.090474826732578,46.50028447943905,2.5,101.35655994039074,75.37795359815104,2.5,153.0548918328124,5.929968398916322,2.5,17.539849717952077,2.742103541742574,2.5,3.2702520290698636,2.5624619669979007,2.5,3.0894932329563938,13.184484093512784,3.718657002450831,28.946435655855005,13.734514836318576,2.7706649679127846,25.759052953636903,-0.10310419973122315,-0.22226838319502057,0.0,xsoft
15.499580778037894,2.5,27.716643204815853,45.11632479686484,2.5,109.78312194666366,39.78689548317737,2.5,118.35767406145531,3.5220585396568764,2.5,8.714016216052439,3.3055025752722575,2.5,4.54398283292284,2.5022731555870443,2.5,2.5294602202402845,17.60555327795967,3.9859398894093383,36.60814292371541,36.76004658134829,2.5,78.35276334207305,-0.15716718131827137,-0.23520315444601536,-0.12876498102953993,xsoft
18.177431100839478,2.5,31.285667401297946,73.840582822608,2.5,145.51928737640205,94.02032360080291,2.5,160.19992819506217,3.3660278769117316,2.5,5.386489907744763,2.5957398559042044,2.5,3.1280875144519507,3.2777508810550073,2.5,5.003420641424495,19.939295630643294,6.667973580220769,34.393855488425,37.671499304133995,4.303952987316442,68.44988532974793,-0.14954354300945485,-0.22134517776817098,0.0,xsoft
10.575523574782336,2.5,18.464818237472784,47.62026493748103,2.5,124.9331276133632,13.14488457461933,2.5,70.68771510816161,2.5,2.5,2.5,2.760477544073617,2.5,3.17171723358895,2.5028913791519325,2.5,2.648727709079099,9.225458408780991,2.7506460079965147,17.012072969236296,33.688887852755535,2.5,84.19485974294327,-0.1595185391067329,-0.20119970125165082,-0.12732073942446417,xsoft
18.711382272656934,2.5,33.76739334287893,51.89977052266992,2.5,135.32776240726352,64.99871699061401,2.5,127.8629700855958,19.45499627816275,2.7209713678371603,57.69079614931482,2.628505270731712,2.5,3.079905637092813,3.5965919121511525,2.5,5.231224447623264,13.17234767679672,3.222007764508939,28.490994660464285,36.16062185709814,3.2769544145469762,75.71931357188647,-0.12956863580497477,-0.22901426514013806,0.0,xsoft
21.654404634766703,2.5,42.20266455426799,80.89810902619934,2.5,150.02600397014058,67.51123029394412,2.5,137.3597731092232,6.850744034127358,2.5,41.468293279583484,3.0104389484733587,2.5,4.145553637298657,2.5004857077549074,2.5,2.5208854334610233,12.144999171695757,4.517865792541609,24.212557232265112,34.28107460115279,4.91881709448173,63.61354860111875,-0.16751836063517458,-0.2278213191476535,0.0,xsoft
8.633067848002486,2.5,15.300290254564388,48.99319184444683,2.5,134.77214164139312,38.46875474087841,2.5,91.73176759527803,3.9903520134198796,2.5,9.394185213757595,2.955841741366413,2.5,3.421831618343272,2.6259534943767533,2.5,3.435755679401949,10.998009066766008,3.8531032106995746,20.73563936494362,44.75053903470211,3.1300456588133936,88.42105283218399,-0.1600583309565514,-0.229623885127287,-0.12169860586733039,xsoft
